text,img_path,label
dirty paper food tray,dirty_paper_food_tray_774.png,Green
paper dirty,paper_dirty_1605.png,Green
wood branches,wood_branches_2303.png,Green
bitten whole bread,bitten_whole_bread_388.png,Green
apple,apple_61.png,Green
apple,apple_75.png,Green
cut and peeled carrot,cut_and_peeled_carrot_711.png,Green
egg carton,egg_carton_938.png,Green
white rice,white_rice_2290.png,Green
bagel,bagel_162.png,Green
papaya peels,papaya_peels_1577.png,Green
dirty subway napkin,dirty_subway_napkin_788.png,Green
cheese,cheese_568.png,Green
used paper napkin,Used_Paper_Napkin_2182.png,Green
greasy fast food paper bag,greasy_fast_food_paper_bag_1140.png,Green
onion peel,onion_peel_1470.png,Green
plant leaves,plant_leaves_1743.png,Green
bagel,bagel_163.png,Green
piece of apple,piece_of_apple_1691.png,Green
greasy food container,greasy_food_container_1141.png,Green
dirty pizza cardbox,dirty pizza cardbox.png,Green
paper plate,paper_plate_1623.png,Green
food leftover,food_leftover_1025.png,Green
bones and meat,bones_and_meat_415.png,Green
bones and meat,bones_and_meat_401.png,Green
uneatten fries,uneatten_fries_2119.png,Green
dead rose,dead_rose_723.png,Green
sweet potato peels,sweet_potato_peels_2012.png,Green
egg shells,egg_shells_947.png,Green
napkins,napkins_1404.png,Green
onion peel,onion_peel_1472.png,Green
bitten whole bread slice,bitten_whole_bread_slice_387.png,Green
rotten banana,rotten_banana_1842.png,Green
fruit banana peel,fruit_banana_peel_1076.png,Green
rice krispies leftover,rice_krispies_leftover_1824.png,Green
cherry pits stems,cherry_pits_stems_574.png,Green
greasy open pizza box,greasy_open_pizza_box_1132.png,Green
orange peel,orange_peel_1554.png,Green
apple pie with foil,apple_pie_with_foil_102.png,Green
partially eaten bugger,partially_eaten_bugger_1655.png,Green
compostable plastic wrapper,compostable_plastic_wrapper_668.png,Green
red onion,red_onion_1808.png,Green
banana peel,banana_peel_235.png,Green
eaten apple core,eaten_apple_core_875.png,Green
bagel,bagel_170.png,Green
green chili pepper,green_chili_pepper_1168.png,Green
fallen oak nut,fallen_oak_nut_1001.png,Green
pieces of wood,pieces_of_wood_1711.png,Green
dirty napkin,dirty_napkin__821.png,Green
paper napkin,paper_napkin_1619.png,Green
nuts scrap,nuts_scrap_1414.png,Green
avocado,avocado_123.png,Green
apple,apple_66.png,Green
tuna fish can,tuna_fish_can_2113.png,Green
lime,lime_1355.png,Green
orange peel,orange_peel_1545.png,Green
paper tissue,paper_tissue_1633.png,Green
empty popcorn bag,empty_popcorn_bag_984.png,Green
paper cardboard,paper cardboard.png,Green
closed dirty paper take out food container,closed_dirty_paper_take_out_food_container_646.png,Green
bitten chicken bones,bitten_chicken_bones_382.png,Green
meat pie,meat_pie_1379.png,Green
tree cone chirsmass,tree_cone_chirsmass_2111.png,Green
grapes,grapes_1116.png,Green
dry vegetable seeds,dry_vegetable_seeds_871.png,Green
apple,apple_70.png,Green
orange peels,orange_peels_1509.png,Green
dirty napkin,dirty_napkin__823.png,Green
bagel,bagel_173.png,Green
leftover orange peels,leftover_orange_peels_1314.png,Green
paper napkin clean,paper_napkin_clean__1620.png,Green
food spoiled bag,food_spoiled_bag_1030.png,Green
eaten bone,eaten_bone_879.png,Green
amaryllis flower,amaryllis_flower_49.png,Green
bread toast,bread_toast_477.png,Green
snack wrapper,snack_wrapper_1929.png,Green
dirty napkin,dirty_napkin__822.png,Green
egg shells,egg_shells__940.png,Green
raw squash seeds,Raw_squash_seeds_1795.png,Green
bones and meat,bones_and_meat_410.png,Green
old bread bun,old_bread_bun_1429.png,Green
orange peel,orange_peel_1521.png,Green
apple sliced in half,apple_sliced_in_half_59.png,Green
beanie cap,beanie_cap_334.png,Green
unpackaged cheezies,unpackaged_cheezies_2120.png,Green
baguette,baguette_212.png,Green
bun bread,bun_bread_493.png,Green
baguette,baguette_206.png,Green
toilet paper with blood,toilet_paper_with_blood_2068.png,Green
solenostemon house plant,solenostemon_house_plant_1938.png,Green
agati,agati_0.png,Green
aniseed,aniseed_52.png,Green
amaryllis flower,amaryllis_flower_13.png,Green
bun bread,bun_bread_492.png,Green
banana peel,banana_peel__298.png,Green
banana peel,banana_peel_251.png,Green
used coffee filter with grounds,used_coffee_filter_with_grounds_2162.png,Green
tomato vine,tomato_vine_2096.png,Green
green vegetable slices,green_vegetable_slices_1178.png,Green
rotten tomato,rotten_tomato_1864.png,Green
wrinkled red grapes,wrinkled_red_grapes_2328.png,Green
old pijamas,old_pijamas_1447.png,Green
eggplants,eggplants_916.png,Green
dirty napkin,dirty_napkin_750.png,Green
butter biscuit,butter_biscuit_533.png,Green
empty disposable cup,empty_disposable_cup_978.png,Green
pineapple,pineapple.png,Green
half squeezed lemon,half_squeezed_lemon_1198.png,Green
banana peel,banana_peel_253.png,Green
chunks of butter,chunks_of_butter_622.png,Green
banana peel,banana_peel_247.png,Green
stale green vegetable,stale_green_vegetable_1986.png,Green
pine cone,pine_cone_1716.png,Green
lemon peels,lemon_peels_1339.png,Green
amaryllis flower,amaryllis_flower_39.png,Green
toasted slice of bread,toasted_slice_of_bread_2066.png,Green
baguette,baguette_205.png,Green
wooden spoon,wooden_spoon_2316.png,Green
tree leaves,tree_leaves_2105.png,Green
chicken bone,chicken_bone_576.png,Green
tea bag,tea_bag_2041.png,Green
tea bag,tea_bag_2040.png,Green
part of squash,part_of_squash_1666.png,Green
fresh avocado,fresh_avocado_1044.png,Green
old cucumber,old_cucumber_1433.png,Green
egg shell,egg_shell_968.png,Green
pine cone,pine_cone_1717.png,Green
banana peel,banana_peel_285.png,Green
sweet potato,sweet_potato_2011.png,Green
used white napkin,used_white_napkin_2152.png,Green
slice of white bread,slice_of_white_bread_1896.png,Green
piece of squeezed orange,piece_of_squeezed_orange_1706.png,Green
baguette,baguette_199.png,Green
loaf of bread,Loaf_of_Bread_1364.png,Green
chicken bones,chicken_bones_577.png,Green
greasy cardboard food bowl,greasy_cardboard_food_bowl_1138.png,Green
orange peel,orange_peel_1523.png,Green
cupcake liner,cupcake_liner_708.png,Green
seeds,seeds_1876.png,Green
potatoe,potatoe_1771.png,Green
baguette,baguette_189.png,Green
food left over,food_left_over_1007.png,Green
avocado with core,avocado_with_core_116.png,Green
banana peel,banana_peel_242.png,Green
fresh garlic,fresh_garlic_1052.png,Green
popcorn,popcorn_1746.png,Green
tea bag,tea_bag_2050.png,Green
cut lemon,cut_lemon_710.png,Green
old bagel sandwich,Old_Bagel_Sandwich_1426.png,Green
waste eggshell min,waste_eggshell_min_2268.png,Green
paper bag,Paper_Bag_1593.png,Green
empty grape branch,empty_grape_branch_973.png,Green
onion pickle,onion_pickle_1497.png,Green
eggshell,eggshell_925.png,Green
slices of lemon,slices_of_lemon_1911.png,Green
onion,Onion_1484.png,Green
lemon peel,lemon_peel_1340.png,Green
lime fruit,lime_fruit_1360.png,Green
food leftovers,food_leftovers_1020.png,Green
paper receipt,paper_receipt_1626.png,Green
used paper napkin,used_paper_napkin__2180.png,Green
vegetable,vegetable.png,Green
tissue paper,tissue_paper_2063.png,Green
pear,pear_1679.png,Green
old dirty scarf,old_dirty_scarf_1436.png,Green
toilet paper,toilet_paper_2072.png,Green
orange,orange_1537.png,Green
food paper bag,food_paper_bag_1038.png,Green
paper bag,paper_bag_1591.png,Green
cream crackers,cream_crackers_688.png,Green
half eaten rotisserie chicken,half_eaten_rotisserie_chicken_1189.png,Green
tomato slices,tomato_slices_2077.png,Green
strawberries leftovers with leaves,strawberries_leftovers_with_leaves_1990.png,Green
cloves,cloves_651.png,Green
amaryllis flower,amaryllis_flower_16.png,Green
spoiled carrot,spoiled_carrot_1957.png,Green
tissue paper,tissue_paper_2062.png,Green
dirty napkin,dirty_napkin_755.png,Green
orange peel,orange_peel_1519.png,Green
vegetables and fruits leftovers,vegetables_and_fruits_leftovers_2261.png,Green
meat,meat.png,Green
vegetable leftover,vegetable_leftover_2232.png,Green
beef jerky,beef_jerky_335.png,Green
dirty napkin,Dirty_napkin_758.png,Green
bones and meat,bones_and_meat_442.png,Green
jacket,Jacket_1267.png,Green
napkin,napkin_1409.png,Green
dried and chopped leaves,dried_and_chopped_leaves_844.png,Green
dirty paper towel,dirty_paper_towel_832.png,Green
leather shoe,Leather_shoe_1291.png,Green
stale bread,stale_bread__1979.png,Green
egg shell,Egg_shell_963.png,Green
peanuts,peanuts_1672.png,Green
half eaten rotisserie chicken,half_eaten_rotisserie_chicken_1190.png,Green
pop tart,pop_tart_1755.png,Green
used chopsticks,used_chopsticks_2159.png,Green
half squeezed lemon,half_squeezed_lemon_1193.png,Green
dirty paper coffee cup,dirty_paper_coffee_cup_761.png,Green
small tree branches,small_tree_branches_1923.png,Green
rotten bone,rotten_bone_1843.png,Green
bun bread,bun_bread_510.png,Green
take out container,take_out_container_2016.png,Green
rotten carrots,Rotten_carrots_1845.png,Green
rice,rice_1820.png,Green
bun bread,bun_bread_512.png,Green
banana skin,banana_skin_328.png,Green
used tissue,used_tissue_2156.png,Green
watermelon remainings,watermelon remainings.png,Green
egg shells,egg_shells_905.png,Green
banana peel,banana_peel_266.png,Green
mashed potato,mashed_potato_1377.png,Green
unusable vegetable min,unusable_vegetable_min_2123.png,Green
orange,orange_1538.png,Green
bun bread,bun_bread_499.png,Green
olive cores,olive_cores_1454.png,Green
strawberry,strawberry_1995.png,Green
amaryllis flower,amaryllis_flower_30.png,Green
dirty paper tissue,dirty_paper_tissue_830.png,Green
green bell pepper,green_bell_pepper_1163.png,Green
bun bread,bun_bread_498.png,Green
eggshell,eggshell_929.png,Green
dry leaves with stem,dry_leaves_with_stem_864.png,Green
bagel sandwich,bagel_sandwich_174.png,Green
fresh popcorn,fresh_popcorn_1058.png,Green
piece of tomato,piece_of_tomato_1707.png,Green
egg leftovers,egg leftovers.png,Green
tomator,tomator_2085.png,Green
paper towel,paper_towel_1637.png,Green
half of tomato,Half_of_Tomato_1196.png,Green
dirty cardboard box,dirty_cardboard_box_802.png,Green
cupcake liner,cupcake_liner_705.png,Green
stained take out food container,stained_take_out_food_container_1978.png,Green
bones and meat,bones_and_meat_444.png,Green
beignets,beignets_357.png,Green
small untreated wood,Small_Untreated_Wood_1925.png,Green
banana peel,banana_peel__296.png,Green
coffee grounds,coffee_grounds_665.png,Green
chocolate muffin,chocolate_muffin_610.png,Green
foodsoiled paperbox,foodsoiled_paperbox_1031.png,Green
baguette,baguette_220.png,Green
amaryllis flower,amaryllis_flower_20.png,Green
papel pack donuts,papel_pack_donuts_1579.png,Green
tangerine fruit,tangerine_fruit_2017.png,Green
orange peels,orange_peels_1549.png,Green
small tomato,small_tomato_1922.png,Green
bones and meat,bones_and_meat_451.png,Green
paper container open dity,paper_container_open_dity_1602.png,Green
macarroni,macarroni_1374.png,Green
dirty food paper bag,dirty food paper bag.png,Green
bones and meat,bones_and_meat_447.png,Green
slice of white bread,slice_of_white_bread_1898.png,Green
hot dog,hot_dog_1207.png,Green
chocolate muffin and wrapper,chocolate_muffin_and_wrapper_617.png,Green
yellow pepper,yellow_pepper_2338.png,Green
sunflower seeds,sunflower_seeds_2005.png,Green
greasy hamburger cardboard container,greasy hamburger cardboard container.png,Green
chicken bone,chicken_bone_578.png,Green
sunflower seeds,sunflower_seeds_2004.png,Green
banana peel,banana_peel_261.png,Green
used cotton pad,used_cotton_pad_2166.png,Green
bones and meat,bones_and_meat_452.png,Green
banana peel,banana_peel_301.png,Green
dirty food take out packaging,dirty_food_take_out_packaging_743.png,Green
carrots peels,carrots_peels_547.png,Green
bun bread,bun_bread_515.png,Green
bun bread,bun_bread_501.png,Green
coconut candy,coconut_candy_652.png,Green
egg yolk,egg_yolk_971.png,Green
leftover rice,leftover_rice_1316.png,Green
celery,celery_561.png,Green
lemon,lemon_1327.png,Green
cat food catfood,cat_food_catfood_558.png,Green
apple view from top,apple_view_from_top_60.png,Green
onion peel,onion_peel_1492.png,Green
potato peels,potato_peels_1764.png,Green
kale stems,kale_stems_1277.png,Green
dead tree leaves,dead_tree_leaves_717.png,Green
fresh lemon,fresh_lemon_1054.png,Green
orange peels,orange_peels_1510.png,Green
usead teabag,usead_teabag_2125.png,Green
squash skin,squash_skin_1970.png,Green
wings bone,wings_bone_2301.png,Green
bones and meat,bones_and_meat_420.png,Green
slice of gorgonzola cheese,slice_of_gorgonzola_cheese_1893.png,Green
cracked egg shell,cracked_egg_shell_685.png,Green
juniper berries,juniper_berries_1276.png,Green
bacon fat,bacon_fat_140.png,Green
muffin liner,muffin_liner_1393.png,Green
toasts,toasts_2067.png,Green
bones and meat,bones_and_meat_436.png,Green
bagel,bagel_168.png,Green
chicken with rice,chicken_with_rice_597.png,Green
old lemon,old_lemon_1442.png,Green
green onions,green_onions_1174.png,Green
apple core,apple_core_99.png,Green
decayed muffin,decayed_muffin_725.png,Green
burnt potato fry,burnt_potato_fry_528.png,Green
avocado peel,avocado_peel_125.png,Green
wood spoon,wood spoon.png,Green
benana food fruit,benana_food_fruit_370.png,Green
dirty paper napkin and paper sauce cups,dirty_paper_napkin_and_paper_sauce_cups_779.png,Green
yellow potato,yellow_potato_2336.png,Green
bones and meat,bones_and_meat_423.png,Green
bones and meat,bones_and_meat_437.png,Green
dirty paper napkin,dirty_paper_napkin_826.png,Green
bosc pear,bosc_pear_461.png,Green
leftover noodles,leftover_noodles_1312.png,Green
partially cut red onion,partially_cut_red_onion_1654.png,Green
dirty polypropylene take out food container,dirty_polypropylene_take_out_food_container_786.png,Green
used napkin,used_napkin_2126.png,Green
bacon fat,bacon_fat_151.png,Green
cheetos,cheetos_572.png,Green
corn kernels,corn_kernels_681.png,Green
burger wrap,burger_wrap_525.png,Green
tangerine,tangerine_2022.png,Green
smashed in used food covering,smashed_in_used_food_covering_1926.png,Green
food wrapper,food_wrapper_1029.png,Green
food bag,food_bag_1034.png,Green
burger wrap,burger_wrap_524.png,Green
tortilla,tortilla_2100.png,Green
rice cracker,rice_cracker_1823.png,Green
oily paperbox,oily_paperbox_1419.png,Green
bones and meat,bones_and_meat_397.png,Green
bread slice,bread_slice_476.png,Green
rotten apple,rotten_apple_1854.png,Green
tomatoes,tomatoes_2081.png,Green
used napkin,used_napkin_2127.png,Green
onion peels,onion_peels_1462.png,Green
bones and meat,bones_and_meat_418.png,Green
wooden chopstick,wooden_chopstick_2321.png,Green
tree leave,tree_leave_2104.png,Green
falafel,falafel_998.png,Green
egg shell,egg_shell_911.png,Green
falafel,falafel_1000.png,Green
eaten chicken wing,Eaten_Chicken_Wing_895.png,Green
vegetable stem,vegetable_stem_2256.png,Green
asparagus stems,asparagus_stems_107.png,Green
dried leaves,dried_leaves_849.png,Green
zucchini stalk,zucchini_stalk_2342.png,Green
cucumbers,cucumbers_698.png,Green
potatoes,potatoes_1770.png,Green
small wooden spoon,small_wooden_spoon_1924.png,Green
wooden chopstick,wooden_chopstick_2320.png,Green
apple,apple_87.png,Green
bread slice,bread_slice_475.png,Green
bell pepper,bell_pepper_367.png,Green
bones and meat,bones_and_meat_431.png,Green
beef jerky,beef_jerky_352.png,Green
beef jerky,beef_jerky_346.png,Green
package paper,package_paper_1576.png,Green
bacon fat,bacon_fat_147.png,Green
leftover onion peels,leftover_onion_peels_1313.png,Green
clips,clips_1080.png,Blue
pizzeria flyer,pizzeria_flyer_4221.png,Blue
plastic ketchup sachet,Plastic_Ketchup_Sachet_4493.png,Blue
empty plastic delivery pack,empty_plastic_delivery_pack_1722.png,Blue
orange juice gallon,orange_juice_gallon_3726.png,Blue
hard carton paper,hard_carton_paper_2637.png,Blue
food foil wrapper,food_foil_wrapper__2074.png,Blue
beer bottle,beer_bottle_193.png,Blue
gift wrap,gift_wrap_2220.png,Blue
fast food cup,fast_food_cup_1890.png,Blue
cardboard box,cardboard_box_490.png,Blue
food metal can,food_metal_can_2109.png,Blue
clean chocolate packaging,clean_chocolate_packaging_993.png,Blue
shredded pieces of paper,shredded_pieces_of_paper_4847.png,Blue
glass beverage bottle,glass_beverage_bottle_2232.png,Blue
coffee cup with lid,coffee_cup_with_lid_1151.png,Blue
plastic ziploc bag,plastic_ziploc_bag_4342.png,Blue
paper cleaning detergent,Paper_cleaning_detergent_3962.png,Blue
bottom of glass bottle,bottom_of_glass_bottle_347.png,Blue
plastic water bottle,plastic_water_bottle_4336.png,Blue
used tin can,used_tin_can_5203.png,Blue
deodorant,deodorant_1294.png,Blue
glass beverage container,glass_beverage_container_2233.png,Blue
pills bottle,pills_bottle_4198.png,Blue
food metal can,food_metal_can_2108.png,Blue
food metal can,food_metal_can_2120.png,Blue
metal beverage can,metal_beverage_can_3413.png,Blue
restaurant take out paper bag,restaurant_take_out_paper_bag_4696.png,Blue
beer bottle,beer_bottle_186.png,Blue
big metal lid,big_metal_lid_291.png,Blue
back of a letter envelope,back_of_a_letter_envelope_101.png,Blue
table salt box,table_salt_box_5019.png,Blue
cardboard bread tag,cardboard_bread_tag_614.png,Blue
glass bottle,glass_bottle__2268.png,Blue
paper coffee cup,Paper_coffee_cup_3967.png,Blue
empty glass mason jar,empty_glass_mason_jar_1610.png,Blue
paper slice,paper_slice_4067.png,Blue
glass bowl,glass_bowl_2470.png,Blue
greocery store paper flyer,greocery_store_paper_flyer_2536.png,Blue
measuring cup,measuring_cup_3397.png,Blue
plastic wrapping,plastic_wrapping_4579.png,Blue
notebook papers,Notebook_Papers_3675.png,Blue
glass bottle,glass_bottle_2357.png,Blue
bud light beer can,bud_light_beer_can_406.png,Blue
glass bottle,glass_bottle_2343.png,Blue
bubble wrap,Bubble_Wrap_400.png,Blue
paper metal name tag,paper_metal_name_tag_4027.png,Blue
contact lens container,contact_lens_container_1184.png,Blue
beer bottle,beer_bottle_147.png,Blue
usb cable cardboard packaging,usb_cable_cardboard_packaging_5166.png,Blue
old magazine,old_magazine_3694.png,Blue
food metal can,food_metal_can_2136.png,Blue
crumpled piece of paper,crumpled_piece_of_paper_1251.png,Blue
dirty food plastic container,dirty food plastic container_37.png,Blue
ice tea plastic bottle,ice_tea_plastic_bottle_2667.png,Blue
paper catalog,paper_catalog_3767.png,Blue
empty milk bottle,Empty_Milk_Bottle_1652.png,Blue
paper cup,paper cup_38.png,Blue
glass beverage bottle,glass_beverage_bottle_2231.png,Blue
empty paper juice carton,empty_paper_juice_carton_1685.png,Blue
vodka bottle,vodka_bottle_5224.png,Blue
soda plastic bottle,soda plastic bottle.png,Blue
vodka bottle,vodka_bottle_5225.png,Blue
piece of paper,piece_of_paper_4176.png,Blue
empty paper towel roll,empty_paper_towel_roll_1689.png,Blue
soda can,soda_can_4899.png,Blue
coated paper label,coated_paper_label_1086.png,Blue
a spray cardboard,a_spray_cardboard_10.png,Blue
candian pizza clean pizza box,candian_pizza_clean_pizza_box_431.png,Blue
flattened cardboard box,flattened_cardboard_box_1903.png,Blue
shampoo bottle,shampoo_bottle_4782.png,Blue
coconut water carton bottle,coconut_water_carton_bottle_1106.png,Blue
food can,food_can_2069.png,Blue
paper sheet with annotations,paper_sheet_with_annotations_3883.png,Blue
blister pill pack,blister_pill_pack_312.png,Blue
empty toilet paper roll,empty_toilet_paper_roll_1487.png,Blue
empty plastic container of milk,empty_plastic_container_of_milk_1718.png,Blue
paper,paper_29.png,Blue
empty malt bottle,empty_malt_bottle_1642.png,Blue
coconut water cardboard box,coconut_water_cardboard_box_1104.png,Blue
eye drops bottle,eye_drops_bottle_1870.png,Blue
sheet of paper,sheet_of_paper_4820.png,Blue
beer bottle,beer_bottle_185.png,Blue
big metal lid,big_metal_lid_292.png,Blue
paper soup pack,paper_soup_pack_4071.png,Blue
plastic cheese wrapper,plastic_cheese_wrapper_4410.png,Blue
empty paper juice packet,empty_paper_juice_packet_1686.png,Blue
flyer from a grocery store,flyer_from_a_grocery_store_1909.png,Blue
letter,letter_3318.png,Blue
clean plastic cup,clean_plastic_cup_883.png,Blue
plastic,plastic_67.png,Blue
cologne,cologne_1172.png,Blue
aluminum energy drink can,aluminum_energy_drink_can_76.png,Blue
beverage plastic bottle,beverage_plastic_bottle_280.png,Blue
clean white napkin,clean_white_napkin_969.png,Blue
yogurt cup,yogurt_cup_5342.png,Blue
monster drink can,monster_drink_can_3599.png,Blue
glass jar,glass_jar_2480.png,Blue
beer bottle,beer_bottle_181.png,Blue
empty plastic epson salt container,empty_plastic_epson_salt_container_1724.png,Blue
sheet of paper,sheet_of_paper_4824.png,Blue
big metal lid,big_metal_lid_296.png,Blue
beer bottle,beer_bottle_142.png,Blue
empty toiled paper roll,empty_toiled_paper_roll_1483.png,Blue
monster metal can,monster_metal_can_3607.png,Blue
food can metal,food_can_metal_2058.png,Blue
paper catalog,paper_catalog_3776.png,Blue
clean food bag,clean_food_bag_788.png,Blue
clean plastic wrapper,clean_plastic_wrapper_1047.png,Blue
soda cracker box,soda_cracker_box_4903.png,Blue
vodka cardboard box,vodka_cardboard_box_5230.png,Blue
coffee cup sleeve,coffee_cup_sleeve_1145.png,Blue
letter enveloper,letter_enveloper_3280.png,Blue
empty cream tube,empty_cream_tube_1581.png,Blue
newspaper,newspaper_3644.png,Blue
clean plastic container of garlic sauce,clean_plastic_container_of_garlic_sauce_878.png,Blue
used starbucks cup,used_starbucks_cup_5200.png,Blue
concentrated koolaid bottle,concentrated_koolaid_bottle_1178.png,Blue
piece of paper,piece_of_paper_4172.png,Blue
tomato sauce half empty,tomato_sauce_half_empty_5111.png,Blue
empty medicine,empty_medicine_1645.png,Blue
mat cardboard box,mat_cardboard_box_3393.png,Blue
newspaper,newspaper_3645.png,Blue
flyer,flyer_1913.png,Blue
metal can,metal can_111.png,Blue
food container,food_container_2160.png,Blue
letter envelope,letter_envelope_3295.png,Blue
letter package,letter_package_3308.png,Blue
plastic bottle,plastic bottle_3121.png,Blue
clean glass container of pesto sauce,clean_glass_container_of_pesto_sauce_800.png,Blue
frozen vegetables clean plastic bag,frozen_vegetables_clean_plastic_bag_2194.png,Blue
paper catalog,paper_catalog_3777.png,Blue
bread bag,bread_bag_368.png,Blue
clean glass container of bolognese sauce,clean_glass_container_of_Bolognese_sauce_798.png,Blue
dirty tims coffee cup,dirty_tims_coffee_cup_1373.png,Blue
cardboard egg carton,cardboard_egg_carton_530.png,Blue
milkcontainer,milkcontainer_3566.png,Blue
crumbled paper,crumbled_paper_1228.png,Blue
toilet paper tube,toilet_paper_tube_5099.png,Blue
plastic empty clean bottle,plastic_empty_clean_bottle_4455.png,Blue
empty water bottel,empty_water_bottel_1801.png,Blue
glass bottle,glass_bottle_2347.png,Blue
yogurt cup,yogurt_cup_5343.png,Blue
plastic container,plastic container_21.png,Blue
plastic container,plastic_container_2317.png,Blue
pop can,pop_can_4617.png,Blue
paper take out food container,paper_take_out_food_container_3894.png,Blue
enveloper letter,enveloper_letter_1843.png,Blue
eggs carton,eggs_carton_1444.png,Blue
paper towel,paper_towel_4078.png,Blue
cardboard cartoon of egg,cardboard_cartoon_of_egg_615.png,Blue
pack of tissue paper envelopes,pack_of_tissue_paper_envelopes_3749.png,Blue
empty juice container,empty_juice_container_1633.png,Blue
clean paper packet of chocolate,Clean_Paper_Packet_of_chocolate_850.png,Blue
cardboard project,cardboard_project_664.png,Blue
clean napkin,clean_napkin_1017.png,Blue
plastic shopping bag,plastic_shopping_bag_4326.png,Blue
clean glass cup,clean_glass_cup_805.png,Blue
soy beverage carton,soy_beverage_carton_4933.png,Blue
paper leaflet,paper_leaflet_3848.png,Blue
clean glass container of pesto sauce,clean_glass_container_of_pesto_sauce_802.png,Blue
dirty salad bowl,dirty_salad_bowl_1365.png,Blue
empty mayonnaise plastic bottle,empty_mayonnaise_plastic_bottle_1643.png,Blue
liquid detergent box,liquid_detergent_box_3330.png,Blue
denture tablets,denture_tablets_1287.png,Blue
paper shopping bag,paper_shopping_bag_3891.png,Blue
burger wrapper,burger_wrapper_414.png,Blue
piece of paper,piece_of_paper_4171.png,Blue
paper wrapper,paper_wrapper_4089.png,Blue
piece of paper,piece_of_paper_4170.png,Blue
foil food wrapper,foil_food_wrapper_2023.png,Blue
toilet paper cardboard roll,toilet paper cardboard roll_78.png,Blue
cardboard water bottle,cardboard water bottle.png,Blue
cookie cardboard packaging,cookie_cardboard_packaging_1191.png,Blue
plastic water cup,plastic_water_cup_4572.png,Blue
box of cookies,box_of_cookies_353.png,Blue
paper packet letter,paper_packet_letter_3864.png,Blue
food glass jar,food_glass_jar_2088.png,Blue
five wrapper,five_wrapper_1898.png,Blue
clean paper take out food container,clean_paper_take_out_food_container_857.png,Blue
cardboard egg carton,cardboard_egg_carton_527.png,Blue
bank flyer,bank_flyer_123.png,Blue
metal can,Metal_Can__3504.png,Blue
beer bottle,beer_bottle_154.png,Blue
plastic milk jug,plastic_milk_jug_4506.png,Blue
yogurt container seal,Yogurt_Container_seal_5340.png,Blue
clean plastic cup,clean_plastic_cup_885.png,Blue
paper coffee cup,paper_coffee_cup_3784.png,Blue
carboard pieces,carboard_pieces_461.png,Blue
plastic container,plastic container_86.png,Blue
paper soap box,paper_soap_box_4068.png,Blue
front of wine bottle,front_of_wine_bottle_2186.png,Blue
sprite plastic bottle,sprite_plastic_bottle_4953.png,Blue
food peeler,food_peeler_2167.png,Blue
empty galss bottle,empty_galss_bottle_1603.png,Blue
plastic juice container,plastic_juice_container_4488.png,Blue
ripped piece of paper,ripped_piece_of_paper_4710.png,Blue
milk carton,milk_carton_3541.png,Blue
plastic cherry tomato container,plastic cherry tomato container.png,Blue
beer bottle,beer_bottle__148.png,Blue
body lotion bottle,body_lotion_bottle_319.png,Blue
paper,paper_48.png,Blue
paper packaging clean,Paper_Packaging_Clean_4042.png,Blue
pharmacy receipt,pharmacy_receipt_4118.png,Blue
wine bottle,wine_bottle_5296.png,Blue
notebook sheet,notebook_sheet_3670.png,Blue
paper coffee cup holder,paper_coffee_cup_holder_3783.png,Blue
beer can,beer_can_206.png,Blue
flyer,flyer_1963.png,Blue
paper,paper_3920.png,Blue
empty orange bottle,empty_orange_bottle_1498.png,Blue
descaling biocide chemical bottle,descaling_biocide_chemical_bottle_1298.png,Blue
store flyer,store_flyer_4973.png,Blue
paper bag,paper bag_31.png,Blue
plastic bag,plastic_bag_4373.png,Blue
used pipe,used_pipe_5189.png,Blue
plastic cookie package,plastic cookie package.png,Blue
government letter,government_letter_2504.png,Blue
gum box,gum_box_2600.png,Blue
broth can,broth_can_383.png,Blue
clean plastic take out food lid,clean_plastic_take_out_food_lid_936.png,Blue
empty soda bottle,empty_soda_bottle_1762.png,Blue
carton box,carton_box_689.png,Blue
dirty soap bottle,dirty_soap_bottle_1369.png,Blue
glass bottle,glass_bottle_2281.png,Blue
empty canned milk,empty_canned_milk_1538.png,Blue
drops of vitamin d children,drops_of_vitamin_D_children_1429.png,Blue
vinegar bottle,vinegar_bottle_5211.png,Blue
ripped piece of paper,ripped_piece_of_paper_4711.png,Blue
glass bottle view from the top,glass_bottle_view_from_the_top_2238.png,Blue
plastic food box,plastic food box.png,Blue
paper newspaper,paper_newspaper_4033.png,Blue
soft drink glass bottle,soft_drink_glass_bottle_4910.png,Blue
mustard bottle,mustard_bottle_3621.png,Blue
plastic container,plastic container_44.png,Blue
yogurt cup,yogurt_cup_5326.png,Blue
empty samosa cardboard,empty_samosa_cardboard_1747.png,Blue
clean pepsi plastic bottle,clean_pepsi_plastic_bottle_861.png,Blue
cardboard box copy,cardboard_box_copy_588.png,Blue
clean plastic margarine lid,clean_plastic_margarine_lid_923.png,Blue
glass bottle,glass_bottle_2308.png,Blue
cat food cardboard box,cat_food_cardboard_box_698.png,Blue
cardboard box,cardboard_box_590.png,Blue
metal can,metal_can_3457.png,Blue
envelope of a letter,envelope_of_a_letter_1839.png,Blue
protein powder container,protein_powder_container_4646.png,Blue
coffee mug paper,Coffee_mug_paper_1156.png,Blue
flyer,flyer_1974.png,Blue
clean aluminum tray,clean_aluminum_tray_766.png,Blue
post it note,post_it_note_4621.png,Blue
food foil wrapper,food_foil_wrapper_2073.png,Blue
empty package envelope,empty_package_envelope_1674.png,Blue
paper,paper_3923.png,Blue
plastic bubble wrap,plastic_bubble_wrap_4403.png,Blue
coffee lid,coffee_lid_1155.png,Blue
aluminium can,aluminium_can_41.png,Blue
plastic bag,plastic_bag_4358.png,Blue
empty handsanitizer bottle,empty_handsanitizer_bottle_1618.png,Blue
metal can to store food,metal_can_to_store_food_3424.png,Blue
plastic bag,plastic_bag_4359.png,Blue
plastic bag,plastic_bag_4365.png,Blue
plastic bubble wrap,plastic_bubble_wrap_4402.png,Blue
flyer,flyer_1949.png,Blue
clean glass beverage bottle,clean_glass_beverage_bottle_795.png,Blue
juice plastic bottle,juice_plastic_bottle_3227.png,Blue
milk carton,milk_carton_3543.png,Blue
plastic lid,plastic lid_50.png,Blue
empty vodka bottle,empty_vodka_bottle_1799.png,Blue
used plastic bag,used_plastic_bag_5190.png,Blue
glass bottle,glass_bottle_2335.png,Blue
bars cartoon box,bars_cartoon_box_128.png,Blue
coffee cup and lid,coffee_cup_and_lid_1142.png,Blue
paper letter,paper_letter_3853.png,Blue
melatonin bottle,melatonin_bottle_3410.png,Blue
yogurt,yogurt_5333.png,Blue
dirty plastic container,dirty_plastic_container_1356.png,Blue
small milk box,small_milk_box_4857.png,Blue
glass jar,glass_jar_2430.png,Blue
empty smart water plastic bottle,empty_smart_water_plastic_bottle_1480.png,Blue
clean aluminum foil,clean_aluminum_foil__977.png,Blue
cardboard box,cardboard box_24.png,Blue
cardboard product packaging,cardboard_product_packaging_662.png,Blue
tuna can,tuna_can_5141.png,Blue
glass jar,glass_jar_2420.png,Blue
paper flyer,paper_flyer_4006.png,Blue
yogurt cup,yogurt_cup_5321.png,Blue
plastic water bottle,Plastic_Water_Bottle_4568.png,Blue
plastic tide container,plastic_tide_container_4328.png,Blue
clean napkin,clean_napkin_836.png,Blue
spray bottle,spray_bottle_4950.png,Blue
plastic cup,Plastic_Cup_4449.png,Blue
tid pod container,tid_pod_container_5055.png,Blue
plastic detergent container,plastic detergent container.png,Blue
paper plate,paper_plate_3871.png,Blue
magazine,magazine_3350.png,Blue
open egg carton,open_egg_carton_3722.png,Blue
glass bottle,glass_bottle_2245.png,Blue
cardboard frozen food packaging,cardboard_frozen_food_packaging_543.png,Blue
gum wrapper,gum_wrapper_2611.png,Blue
paper notebook,paper_notebook_4036.png,Blue
glass bottle,glass_bottle_2286.png,Blue
cardboard egg container,cardboard_egg_container_628.png,Blue
wood fork,wood fork.png,Blue
greasy cheddar plastic,greasy_cheddar_plastic_2511.png,Blue
crumpled paper,crumpled_paper_1245.png,Blue
bottle,bottle_335.png,Blue
back of an letter envelope,back_of_an_letter_envelope_102.png,Blue
plastic food container,plastic_food container_534.png,Blue
beer bottle,beer_bottle_134.png,Blue
plastic milk carton,plastic_milk_carton_4504.png,Blue
plastic muffin tray,plastic_muffin_tray_4513.png,Blue
external hd cardboard packaging,external_HD_cardboard_packaging_1868.png,Blue
glass bottle,glass_bottle_2330.png,Blue
glass bottle,glass_bottle_2318.png,Blue
glass jar,Glass_jar__2478.png,Blue
empty juice box,empty_juice_box_1630.png,Blue
cardboard drink packaging,cardboard_drink_packaging_524.png,Blue
foil wrapper,foil_wrapper_2041.png,Blue
glass jar,glass_jar_2421.png,Blue
empty paper egg crate,empty_paper_egg_crate_1683.png,Blue
cardboard icecream box,cardboard_icecream_box_633.png,Blue
empty toilet paper roll,empty_toilet_paper_roll_1783.png,Blue
empty metal food can,empty_metal_food_can_1649.png,Blue
cardboard box,cardboard_box__498.png,Blue
glass jar,glass_jar_2423.png,Blue
plastic fruit container,Plastic_fruit_container_4475.png,Blue
glass sesame oil bottle,glass_sesame_oil_bottle_2495.png,Blue
clean frozen cake tray,clean_frozen_cake_tray_793.png,Blue
yogurt cup,yogurt_cup_5322.png,Blue
box cardboard,box_cardboard_358.png,Blue
clean napkin,clean_napkin_835.png,Blue
baking soda plastic container,baking_soda_plastic_container_118.png,Blue
empty box,empty_box_1527.png,Blue
paper,paper_65.png,Blue
paper plate,paper_plate_3872.png,Blue
hazardous waste min,hazardous_waste_min_2642.png,Blue
news paper,News_Paper_3653.png,Blue
plastic container,plastic container_54543.png,Blue
wine bottle,wine_bottle_5293.png,Blue
coconut water,coconut_water_1110.png,Blue
dirty brocoli pack,dirty_brocoli_pack_1324.png,Blue
glass bottle,glass_bottle_2291.png,Blue
pasta sauce container,Pasta_sauce_container_4100.png,Blue
milk,milk_3533.png,Blue
soda cup,soda_cup_4904.png,Blue
baking soda box,baking_soda_box_117.png,Blue
aluminum foil,aluminum_foil_55.png,Blue
flyer,flyer_1966.png,Blue
pizza box without grease,pizza_box_without_grease_4215.png,Blue
empty can of mushroom,empty_can_of_mushroom_1540.png,Blue
empty coke can,Empty_Coke_Can_1576.png,Blue
beer bottle,beer_bottle_241.png,Blue
fountain water bottle,fountain_water_bottle_2171.png,Blue
empty food box,empty_food_box_1598.png,Blue
bean can,bean_can_132.png,Blue
ripped pieces of paper,ripped_pieces_of_paper_4716.png,Blue
flyer,flyer_1967.png,Blue
cardboard soap box,cardboard_soap_box_672.png,Blue
plastic raspberries container,plastic_raspberries_container_4529.png,Blue
dirty container,dirty_container_1332.png,Blue
piece of cardboard padding,piece_of_cardboard_padding_4131.png,Blue
glass,glass__2452.png,Blue
energy drink can,energy_drink_can_1822.png,Blue
glass bottle,glass_bottle_2247.png,Blue
empty juice bottle min,empty_juice_bottle_min_1626.png,Blue
cardboard bottle,cardboard bottle.png,Blue
end of beer bottle,end_of_beer_bottle_1819.png,Blue
plastic bottle,plastic_bottle__4384.png,Blue
gatorade bottle,gatorade_bottle_2211.png,Blue
tim hortons medium cup,tim_hortons_medium_cup_5068.png,Blue
beer bottle,beer_bottle_137.png,Blue
clean take out food container,clean_take_out_food_container_961.png,Blue
plastic food container,plastic_food_container_4287.png,Blue
cardboard product label,cardboard_product_label__660.png,Blue
empty amazon delivery carton,empty_amazon_delivery_carton_1509.png,Blue
front of wine bottle,front_of_wine_bottle_2182.png,Blue
foil wrapper,foil_wrapper_2042.png,Blue
soup can,soup_can_4930.png,Blue
glass jar,glass_jar_2422.png,Blue
bottom of glass jar,bottom_of_glass_jar_351.png,Blue
cardboard box,cardboard box_26.png,Blue
carboard pieces,carboard_pieces_459.png,Blue
hair clipper cardboard package,hair_clipper_cardboard_package_2613.png,Blue
carrot plastic bag,carrot_plastic_bag_687.png,Blue
cardboard box,cardboard box_17.png,Blue
glass bottle,glass_bottle_2464.png,Blue
can,can_427.png,Blue
packet letter,packet_letter_3748.png,Blue
metal spring,metal spring.png,Blue
carboard packaging for portuguese tarts,carboard_packaging_for_Portuguese_tarts_457.png,Blue
paper towel clean,paper_towel_clean_3896.png,Blue
paper,paper_151.png,Blue
plastic bottle,plastic_bottle__4389.png,Blue
clean plastic vitamin bottle,clean_plastic_vitamin_bottle_1046.png,Blue
piece of cardboard padding,piece_of_cardboard_padding_4128.png,Blue
paper packet,paper_packet_3868.png,Blue
frozen chicken burger wrapper,frozen_chicken_burger_wrapper_2195.png,Blue
food foil wrapper,food_foil_wrapper_2079.png,Blue
leftover egg carton,leftover_egg_carton_3264.png,Blue
upside down clean take out food container,upside_down_clean_take_out_food_container_5160.png,Blue
empty folded milk container,empty_folded_milk_container_1597.png,Blue
plastic milk bottle,plastic_milk_bottle_4502.png,Blue
clean folded paper receipt,clean_folded_paper_receipt_999.png,Blue
cardboard container,cardboard_container_623.png,Blue
paper flyer,paper_flyer_3834.png,Blue
plastic water container,plastic_water_container_4571.png,Blue
yogurt tub,yogurt_tub_5332.png,Blue
candy paper carton,candy_paper_carton_433.png,Blue
wine bottle,wine_bottle_5275.png,Blue
olive oil glass bottle,olive_oil_glass_bottle_3703.png,Blue
thrash plastic bag,thrash_plastic_bag_5052.png,Blue
mountain dew metal can,mountain_dew_metal_can_3612.png,Blue
sparkling water can,sparkling_water_can_4938.png,Blue
shredded paper,shredded_paper_4846.png,Blue
empty tin biscuit container,empty_tin_biscuit_container_1776.png,Blue
glass bottle,glass_bottle_2317.png,Blue
empty pickle jar,empty_pickle_jar_1696.png,Blue
glass flask,glass_flask_2391.png,Blue
toilet paper roll,toilet_paper_roll_5098.png,Blue
clean plastic food cup,clean_plastic_food_cup_896.png,Blue
metal soda can,metal_soda_can_3495.png,Blue
shopping bag,shopping_bag_4840.png,Blue
empty pill bottle,empty_pill_bottle_1697.png,Blue
shampoo bottle ryu,shampoo_bottle_ryu_4787.png,Blue
advent calendar,advent_calendar_21.png,Blue
empty box,empty_box_1528.png,Blue
cardboard plate separator,cardboard_plate_separator__651.png,Blue
plastic container,plastic container.png,Blue
chick peas metal food can,chick_peas_metal_food_can_721.png,Blue
monster can,monster_can_3596.png,Blue
small cardboard box,small_cardboard_box_4868.png,Blue
clean cardboard pizza box,Clean_cardboard_Pizza_box_777.png,Blue
clean plastic yogurt cup,clean_plastic_yogurt_cup_942.png,Blue
used paper,used_paper__5176.png,Blue
flyer,flyer_1969.png,Blue
paper flyer,paper_flyer_3822.png,Blue
paper envelope,paper_envelope_4002.png,Blue
beer can,beer_can_218.png,Blue
paper flyer,paper_flyer_3836.png,Blue
flyer,flyer_1982.png,Blue
airplane tickets,airplane_tickets_26.png,Blue
paper envelope,paper_envelope_3793.png,Blue
empty cereal box,empty_cereal_box_1561.png,Blue
beer can,beer_can_219.png,Blue
flyer,flyer_1954.png,Blue
ad paper,ad_paper__24.png,Blue
cardboard giftcard holder,cardboard_giftcard_holder_629.png,Blue
plastic bag,plastic bag_5.png,Blue
vitamin bottle,vitamin_bottle_5217.png,Blue
magazine,magazine_3361.png,Blue
metal drink can,metal_drink_can_3482.png,Blue
expired sandwich box,expired_sandwich_box_1865.png,Blue
food container,food container_166.png,Blue
dirty glass flask,dirty_glass_flask_1309.png,Blue
plastic container,plastic_container_4279.png,Blue
ketchup plastic bottle,ketchup_plastic_bottle_3246.png,Blue
beets plastic package,beets_plastic_package__248.png,Blue
orange juice container,Orange_juice_container_3739.png,Blue
paper bowl,paper_bowl_3757.png,Blue
plastic container,plastic container_7.png,Blue
glass jar,glass_jar_2439.png,Blue
gladd hot sauce bottle,gladd_hot_sauce_bottle_2224.png,Blue
empty box of nintendo switch,empty_box_of_Nintendo_switch_1462.png,Blue
milk jug,milk_jug_3552.png,Blue
empty lasania box,empty_Lasania_box_1638.png,Blue
small plastic container of fruit snack,small_plastic_container_of_fruit_snack_4862.png,Blue
empty cardboard insert,empty_cardboard_insert_1553.png,Blue
empty shoe box,empty_shoe_box_1757.png,Blue
glass bottle,glass_bottle_2462.png,Blue
clean plastic yogurt container,clean_plastic_yogurt_container_938.png,Blue
paper bag,paper_bag_3950.png,Blue
envelope of a letter,envelope_of_a_letter_1835.png,Blue
glass bottle,glass_bottle_2258.png,Blue
plastic lid,plastic lid.png,Blue
empty plastic container,empty_plastic_container_1717.png,Blue
plastic food container,plastic_food_container_4461.png,Blue
shower gel bottle,shower_gel_bottle_4843.png,Blue
empty glass bottle,empty_glass_bottle_1605.png,Blue
paper flyer,paper_flyer_3833.png,Blue
clean glass of wine,clean_glass_of_wine_813.png,Blue
flyer,flyer_1944.png,Blue
apple beverage bottle,apple_beverage_bottle_92.png,Blue
cookies cardboard package,cookies_cardboard_package_1194.png,Blue
empty paper packet,empty_paper_packet_1687.png,Blue
folded aluminum foil,folded_aluminum_foil_2053.png,Blue
glass beer bottle,glass_beer_bottle_2227.png,Blue
aluminium foil,aluminium_foil_45.png,Blue
glass coffee bottle,glass_coffee_bottle_2475.png,Blue
glass,glass_2454.png,Blue
flyer,flyer_1993.png,Blue
plastic water bottle horizontal,plastic_water_bottle_horizontal_4570.png,Blue
flyer papers,flyer_papers_1912.png,Blue
paper envelope,paper_envelope_3797.png,Blue
empty plastic soy sauce bottle,empty_plastic_soy_sauce_bottle_1729.png,Blue
paper straw cover,paper_straw_cover_4073.png,Blue
plastic piece of a toy,plastic_piece_of_a_toy_4316.png,Blue
plastic bag,plastic_bag_4355.png,Blue
store flyer,store_flyer_4969.png,Blue
empty metal can,empty_metal_can_1472.png,Blue
empty cereal box,empty_cereal_box_1558.png,Blue
empty milk jug,empty_milk_jug_1659.png,Blue
compliments water bottle,compliments_water_bottle_1174.png,Blue
paper flyer,paper_flyer_3832.png,Blue
crumpled paper,crumpled_paper_1258.png,Blue
pill container plastic,pill_container_plastic_4205.png,Blue
bottle glass,Bottle_Glass_336.png,Blue
metal can,metal_can_3506.png,Blue
lotion tube,lotion_tube_3339.png,Blue
x ray film,x-ray film.png,Blue
used saran wrap,used_saran_wrap_5198.png,Blue
glass olive oil bottle,glass_olive_oil_bottle_2489.png,Blue
liquor glass bottle,liquor_glass_bottle_3331.png,Blue
paper plate,paper_plate_4051.png,Blue
coffee shop paper bag,coffee_shop_paper_bag_1129.png,Blue
cardboard box,cardboard_box_589.png,Blue
paper sheets,paper_sheets_4062.png,Blue
glass bottle,glass_bottle_2339.png,Blue
perfume bottle,perfume_bottle_4114.png,Blue
receipt,receipt_4670.png,Blue
cardboard box,cardboard box_2.png,Blue
unopened drink,unopened_drink_5153.png,Blue
paper wristband,paper_wristband_4091.png,Blue
dish soap container,dish_soap_container_1385.png,Blue
stretchy plastic bag,Stretchy_Plastic_bag_5006.png,Blue
cardboard box,cardboard_box__493.png,Blue
milk jug,milk_jug_3547.png,Blue
cardboard box,cardboard box_10.png,Blue
buttermilk cardboard packaging,buttermilk_cardboard_packaging_416.png,Blue
clear plastic straw wrapper,clear_plastic_straw_wrapper_1077.png,Blue
upside down plastic container for cupcakes,upside_down_plastic_container_for_cupcakes_5164.png,Blue
chocolate bar wrapper,chocolate_bar_wrapper_743.png,Blue
empty torillas bag,empty_torillas_bag_1790.png,Blue
pieces of paper and cardboard,pieces_of_paper_and_cardboard_4193.png,Blue
tetra pak beverage carton,tetra_pak_beverage_carton_5043.png,Blue
glass flask,glass_flask_2395.png,Blue
brown bag,brown_bag_384.png,Blue
plastic water bottle,plastic_water_bottle_4562.png,Blue
grocery flyer,grocery_flyer__2542.png,Blue
rockstar energy drink metal can,rockstar_energy_drink_metal_can_4718.png,Blue
glass bottle,glass_bottle_2313.png,Blue
clean glass jar,clean_glass_jar_1002.png,Blue
mixed material salt container,mixed_material_salt_container_3590.png,Blue
spirit glass bottle,spirit_glass_bottle_4949.png,Blue
empty plastic herb clamshell,empty_plastic_herb_clamshell_1725.png,Blue
food can,food_can_2158.png,Blue
paper,paper_50.png,Blue
paper plastic bandage container,paper_plastic_bandage_container_4049.png,Blue
paper,paper_154.png,Blue
dirty plastic container,dirty_plastic_container__1354.png,Blue
metal can,metal_can__3427.png,Blue
metal can,metal_can_3510.png,Blue
database flyer,database_flyer_1280.png,Blue
empty clean glass bottle,empty_clean_glass_bottle_1464.png,Blue
cardboard egg carton,cardboard_egg_carton__625.png,Blue
flyer,flyer_1953.png,Blue
cardboard,cardboard_143.png,Blue
sauce container,sauce_container_4755.png,Blue
paper envelope,paper_envelope_3794.png,Blue
flyer,flyer_1991.png,Blue
cardboard box,cardboard_box_603.png,Blue
frozen lasagna cardboard packaging,frozen_lasagna_cardboard_packaging_2191.png,Blue
smashed metal can,smashed_metal_can_4883.png,Blue
glass bottle,glass_bottle_2299.png,Blue
metal item,metal_item_3498.png,Blue
plastic bottle,plastic bottle_36.png,Blue
metal can,metal_can_3511.png,Blue
metal can,metal_can__3426.png,Blue
dirty plastic container,dirty_plastic_container__1355.png,Blue
empty plastic container,empty_plastic_container_1715.png,Blue
clean jug of orange juice,clean_jug_of_orange_juice_822.png,Blue
metal cap,metal_cap_3515.png,Blue
paper juice box,paper_juice_box_4015.png,Blue
medical power container,medical_power_container_3399.png,Blue
ice tea can,ice_tea_can_2657.png,Blue
orange juice carton,orange_juice_carton_3738.png,Blue
cardboard product label,cardboard_product_label__655.png,Blue
cardboard box,cardboard box_1.png,Blue
cardboard straw,cardboard straw.png,Blue
unfolded carboard box,unfolded_carboard_box_5150.png,Blue
french fry box,french_fry_box_2173.png,Blue
egg cardboard packaging,egg_cardboard_packaging_1438.png,Blue
tuna can,tuna_can_5139.png,Blue
napkin,napkin__3625.png,Blue
paper grocery bag,paper_grocery_bag_3841.png,Blue
plastic pack,plastic_pack_4314.png,Blue
water filter carton,water_filter_carton_5253.png,Blue
nonempty pill,nonempty_pill_3661.png,Blue
hand sanitizer bottle,hand_sanitizer_bottle_2621.png,Blue
stretchy food bag,stretchy_food_bag_4979.png,Blue
glass bottle,glass_bottle_2361.png,Blue
aluminum redbull can,aluminum_redbull_can_64.png,Blue
egg carton,egg_carton_1453.png,Blue
empty tomato container,empty_tomato_container_1787.png,Blue
drink can,drink_can_1404.png,Blue
clean plastic container of jalapeno lime aioli,clean_plastic_container_of_jalapeno_lime_aioli_879.png,Blue
sheet of paper,sheet_of_paper_4817.png,Blue
bread bag,bread_bag_366.png,Blue
empty grinded coffee bean container,empty_grinded_coffee_bean_container_1611.png,Blue
food metal can,food_metal_can_2114.png,Blue
cardboard box,cardboard_box_499.png,Blue
ziploc bag,ziploc_bag_5352.png,Blue
clean napkin,clean napkin.png,Blue
food can,food_can_2062.png,Blue
muffins plastic container,muffins_plastic_container_3618.png,Blue
paper receipt,paper_receipt_3880.png,Blue
gatorade plastic bottle,gatorade_plastic_bottle_2209.png,Blue
paper shopping bag,paper_shopping_bag_3889.png,Blue
piece of paper,piece_of_paper_4169.png,Blue
glass bottle,glass_bottle__2301.png,Blue
can of budweiser,can_of_Budweiser_449.png,Blue
plastic container wash,plastic_container_wash_4275.png,Blue
coke can,coke_can_1164.png,Blue
cigarette pack,cigarette_pack_753.png,Blue
plastic box,plastic_box_4263.png,Blue
face wash plastic container,face_wash_plastic_container_1880.png,Blue
food glass jar,food_glass_jar_2090.png,Blue
soft drink metal can,soft_drink_metal_can_4912.png,Blue
sheet of paper with math equation on it,sheet_of_paper_with_math_equation_on_it_4796.png,Blue
can,can_445.png,Blue
sheet of paper,sheet_of_paper_4802.png,Blue
protein bar box,protein_bar_box_4644.png,Blue
takeout food container,takeout_food_container_5026.png,Blue
letter envelop,letter_envelop_3306.png,Blue
paper straw,paper straw.png,Blue
food paper wrap,food paper wrap.png,Blue
chocolate drink carton,chocolate_drink_carton_737.png,Blue
clean plastic food lid,clean_plastic_food_lid_1038.png,Blue
milk plastic bottle,milk plastic bottle.png,Blue
cardboard packaging,cardboard_packaging_558.png,Blue
discount coupon for fast food,discount_coupon_for_fast_food_1380.png,Blue
can,can_447.png,Blue
grocery store flyer,grocery_store_flyer_2587.png,Blue
dirty nutella container,dirty_nutella_container_1347.png,Blue
clean smart water plastic bottle,clean_smart_water_plastic_bottle_953.png,Blue
food metal can,food_metal_can_2103.png,Blue
napkins,napkins.png,Blue
corn flex container,corn_flex_container_1206.png,Blue
beer glass bottle,beer_glass_bottle_230.png,Blue
plastic sauce cup,plastic_sauce_cup_4535.png,Blue
clean plastic yogurt container,clean_plastic_yogurt_container_1048.png,Blue
paper cup,paper cup_19.png,Blue
empty cocoa milk bottle,empty_cocoa_milk_bottle_1571.png,Blue
dairy drink plastic bottle,dairy_drink_plastic_bottle_1276.png,Blue
cardboard,cardboard_133.png,Blue
metal coffee can,metal_coffee_can_3516.png,Blue
scrap paper sheet,scrap_paper_sheet_4761.png,Blue
bottom of beer bottle,bottom_of_beer_bottle_345.png,Blue
open and slight dirty paper takeout food container,open_and_slight_dirty_paper_takeout_food_container_3716.png,Blue
cardboard medication package,cardboard_medication_package_635.png,Blue
plastic plates,plastic_plates_4345.png,Blue
paper leaflet,paper_leaflet_3846.png,Blue
water bottle,water_bottle_5241.png,Blue
bread bag,bread_bag_370.png,Blue
clean paper take out food container,clean_paper_take_out_food_container_858.png,Blue
plastic bag,plastic bag_70.png,Blue
beer bottle,beer_bottle_167.png,Blue
large plastic water bottle,large_plastic_water_bottle_3259.png,Blue
subway clean plastic bag,subway_clean_plastic_bag_5009.png,Blue
can,can_446.png,Blue
dirty takeout container,dirty_takeout_container_1370.png,Blue
facewash tubes,facewash_tubes_1877.png,Blue
food mix cardboard packaging,food_mix_cardboard_packaging_2145.png,Blue
paper letter envelope,paper_letter_envelope_3852.png,Blue
glass bottle,glass_bottle__2276.png,Blue
glass food jar,glass_food_jar_2453.png,Blue
coffee cup,Coffee_cup_1122.png,Blue
yogurt container,yogurt_container_5338.png,Blue
chapstick,chapstick_716.png,Blue
takeout food container,takeout_food_container_5025.png,Blue
cardboard package,cardboard_package_547.png,Blue
cardboard tag,cardboard tag.png,Blue
saran wrap,saran_wrap_4749.png,Blue
clean glass container,clean_glass_container_803.png,Blue
plastic moisturizer tube,plastic_moisturizer_tube_4511.png,Blue
corona beer bottle,corona_beer_bottle_1209.png,Blue
small glass jar,small_glass_jar_4856.png,Blue
cake container,cake_container_420.png,Blue
toothbrush packaging,toothbrush_packaging_5116.png,Blue
baby formula container,baby_formula_container_99.png,Blue
can,can_442.png,Blue
sheet of paper,sheet_of_paper_4811.png,Blue
sheet of paper,sheet_of_paper_4805.png,Blue
paper pieces,paper_pieces_3870.png,Blue
crumpled grocery bag,crumpled_grocery_bag_1238.png,Blue
glass candle container green,glass_candle_container_green_2471.png,Blue
plastic jar,plastic_jar_4295.png,Blue
cardboard packaging,cardboard_packaging_549.png,Blue
paper milkbox,paper_milkbox_4028.png,Blue
empty sesame oil,empty_sesame_oil_1750.png,Blue
clean smashed piece of cardboard,clean_smashed_piece_of_cardboard_954.png,Blue
paper,paper_134.png,Blue
plastic container,plastic_container_4430.png,Blue
clean muffin liners,clean_muffin_liners_827.png,Blue
drink glass container,drink_glass_container_1420.png,Blue
letter packet,letter_packet_3311.png,Blue
flyer,flyer_1933.png,Blue
tomato sauce can,tomato_sauce_can_5104.png,Blue
letter envelope,letter_envelope_3276.png,Blue
clothing tag,clothing_tag_1084.png,Blue
foil food wrapper,foil_food_wrapper_2028.png,Blue
paper towel roll,paper_towel_roll_4084.png,Blue
dirty bottle of hand soap,dirty_bottle_of_hand_soap_1321.png,Blue
envelope,envelope_1842.png,Blue
coke can,coke_can_1162.png,Blue
cardboard,cardboard_1212.png,Blue
almost empty toilet paper,almost_empty_toilet_paper_39.png,Blue
foil food wrapper,foil_food_wrapper_2029.png,Blue
plastic bag bread,plastic_bag_bread_4375.png,Blue
bottom of glass bottle,bottom_of_glass_bottle_348.png,Blue
cardboard,cardboard_42.png,Blue
hard plastic from packaging,hard_plastic_from_packaging_2640.png,Blue
empty tortilla bag,empty_tortilla_bag_1791.png,Blue
foil container,foil_container_2047.png,Blue
food metal can,food_metal_can_2107.png,Blue
beverage glass bottle,beverage_glass_bottle_256.png,Blue
upside down clean plastic burrata container,upside_down_clean_plastic_burrata_container_5159.png,Blue
egg package,egg_package_1441.png,Blue
newspaper sheet,newspaper_sheet_3631.png,Blue
dirty plastic syrup container,dirty_plastic_syrup_container_1315.png,Blue
food metal can,food_metal_can_2098.png,Blue
empty glass jar,empty_glass_jar_1609.png,Blue
sheet of paper,sheet_of_paper_4804.png,Blue
egg carton,egg_carton_1454.png,Blue
grocery store flyer,grocery_store_flyer_2568.png,Blue
drink can,drink_can_1417.png,Blue
sheet of card paper,sheet_of_card_paper_4791.png,Blue
clean good earth paper cup,clean_good_earth_paper_cup_1004.png,Blue
conditioner bottle,conditioner_bottle_1180.png,Blue
tomato sauce metal can,tomato_sauce_metal_can_5107.png,Blue
clean plastic margarine container,clean_plastic_margarine_container_922.png,Blue
dirty honey bottel,dirty_honey_bottel_1340.png,Blue
glass wine bottle,glass_wine_bottle_2499.png,Blue
plastic label on container,plastic_label_on_container__4495.png,Blue
vitamin pills glass bottle,vitamin_pills_glass_bottle_5213.png,Blue
clean aluminum take out food container,clean_aluminum_take_out_food_container_764.png,Blue
crumpled cookies cardboard package,crumpled_cookies_cardboard_package_1233.png,Blue
cardboard box,cardboard_box_503.png,Blue
beer bottle,beer_bottle_160.png,Blue
wine glass bottle,wine_glass_bottle_5304.png,Blue
soft drink can,soft_drink_can_4907.png,Blue
yogurt plastic container,yogurt_plastic_container_5331.png,Blue
plastic cup lid,plastic cup lid.png,Blue
empty toilet paper roll,empty_toilet_paper_roll_1489.png,Blue
greasy chocolate pack,greasy_chocolate_pack_2513.png,Blue
plastic container,Plastic_container_4427.png,Blue
clean cardboard,clean_cardboard_981.png,Blue
empty tuna box,empty_tuna_box_1502.png,Blue
letter packet,letter_packet_3312.png,Blue
empty juice box min,empty_juice_box_min_1629.png,Blue
plastic food container,plastic food container_20.png,Blue
milk contianer,milk_contianer_3580.png,Blue
glass food container,glass_food_container_2404.png,Blue
shampoo bottle,shampoo_bottle_4772.png,Blue
tomato sauce can,tomato_sauce_can_5106.png,Blue
cardboard,cardboard_135.png,Blue
band aid wrapper,band_aid_wrapper_119.png,Blue
letter packet,letter_packet_3313.png,Blue
oatmeal cardboard packaging,oatmeal_cardboard_packaging_3682.png,Blue
flyer,flyer_2009.png,Blue
cleaning container,cleaning_container_972.png,Blue
soft drink can,soft_drink_can_4906.png,Blue
cardboard box,cardboard_box_502.png,Blue
soda can,soda_can__4900.png,Blue
empty frozen box min,empty_frozen_box_min_1601.png,Blue
cinnamon bun plastic bag,cinnamon_bun_plastic_bag_754.png,Blue
clean paper bag,clean_paper_bag_1020.png,Blue
plastic container,plastic container_17.png,Blue
paper shopping bag,paper_shopping_bag_4066.png,Blue
bluetooth speaker,bluetooth_speaker_650.png,TTR
boom box,boom_box_736.png,TTR
non rechargeable battery,non_rechargeable_battery_1480.png,TTR
broken charging adapter,broken_charging_adapter_773.png,TTR
running shoe,running_shoe_1809.png,TTR
scarf,scarf_1816.png,TTR
empty chemical container,Empty_Chemical_Container_1109.png,TTR
vehicle battery,vehicle_battery_1988.png,TTR
alkaline battery,alkaline_battery_96.png,TTR
blowdrier,blowdrier_565.png,TTR
baby seat,baby_seat_158.png,TTR
rubber rugby ball,rubber_rugby_ball_1804.png,TTR
electronic internet roater,electronic_internet_roater_1091.png,TTR
aa battery,aa_battery_7.png,TTR
old bluetooth ear buds,old_bluetooth_ear_buds_1553.png,TTR
beard trimmer,beard_trimmer_477.png,TTR
television,Television_1902.png,TTR
backpack,backpack_195.png,TTR
bluetooth speaker,bluetooth_speaker_686.png,TTR
pen,pen_1682.png,TTR
used silver laptop,used_silver_laptop_1975.png,TTR
button style battery,button_style_battery_827.png,TTR
baseball glove,baseball_glove_305.png,TTR
bluetooth speaker,bluetooth_speaker_690.png,TTR
baseball glove,baseball_glove_311.png,TTR
remote control,remote_control_1788.png,TTR
beard trimmer,beard_trimmer_475.png,TTR
broken cable,broken_cable_765.png,TTR
pak tech can holder,pak_tech_can_holder_1640.png,TTR
movie cd rom,movie_cd_rom_1464.png,TTR
broken headphones,broken_headphones_793.png,TTR
baseball glove,baseball_glove_310.png,TTR
slipper,slipper_1852.png,TTR
backpack,backpack_169.png,TTR
clean rag,clean_rag_906.png,TTR
steel toe boots,steel_toe_boots_1881.png,TTR
used oil filter,used_oil_filter_1970.png,TTR
baseball glove,baseball_glove_300.png,TTR
metal knife,metal_knife_1438.png,TTR
trousers jeans for men,Trousers_Jeans_for_Men_1925.png,TTR
xbox controller,xbox_controller_2047.png,TTR
old pijamas,old_pijamas_1580.png,TTR
elctronic mixer,elctronic_mixer_1008.png,TTR
swimsuit,swimsuit_1891.png,TTR
metal fruit basket,metal_fruit_basket_1435.png,TTR
baby seat,baby_seat_163.png,TTR
propane canister,propane_canister_1738.png,TTR
broken pen,broken_pen_807.png,TTR
mechanical pencil,mechanical_pencil_1421.png,TTR
ballast light,ballast_light_261.png,TTR
broken cellphone,broken_cellphone_768.png,TTR
non rechargeable battery,non_rechargeable_battery_1478.png,TTR
baseball glove,baseball_glove_301.png,TTR
used oil filter,used_oil_filter_1971.png,TTR
pen,pen_1690.png,TTR
clean rag,clean_rag_907.png,TTR
boom box,boom_box_727.png,TTR
baseball glove,baseball_glove_317.png,TTR
hdmi dongle,HDMI_dongle_1241.png,TTR
black orange brush,black_orange_brush_559.png,TTR
aa battery,aa_battery_11.png,TTR
batteries,batteries_339.png,TTR
non rechargeable battery,non_rechargeable_battery_1527.png,TTR
watch,watch_6.png,TTR
external hard drive,external hard drive.png,TTR
new small motor oil,new_small_motor_oil_1468.png,TTR
pak tech can holder,pak_tech_can_holder_1646.png,TTR
game console,game_console_1168.png,TTR
old battery v,old_battery_v_1548.png,TTR
kettle,kettle_1330.png,TTR
ballast light,ballast_light_262.png,TTR
smart watch,smart watch_2.png,TTR
ballast light,ballast_light_289.png,TTR
backpack,backpack_184.png,TTR
bluetooth speaker,bluetooth_speaker_654.png,TTR
boom box,boom_box_726.png,TTR
non rechargeable battery,non_rechargeable_battery_1490.png,TTR
bluetooth speaker,bluetooth_speaker_633.png,TTR
rechargeable battery,rechargeable_battery_1746.png,TTR
pencil,pencil_1673.png,TTR
empty airfreshener can,empty_airfreshener_can_1102.png,TTR
phone charger,phone_charger_1693.png,TTR
charging cable,charging cable.png,TTR
broken vape,broken_vape_821.png,TTR
outdated laptop,outdated_laptop_1621.png,TTR
black handsfree,black_handsfree_557.png,TTR
calculator,calculator_829.png,TTR
electric vaccum cleaner,electric_vaccum_cleaner_1020.png,TTR
blu ray player,blu_ray_player_601.png,TTR
back of axe deodorant aerosol can,back_of_axe_deodorant_aerosol_can_165.png,TTR
microfiber cloth,MicroFiber_Cloth_1450.png,TTR
gloves clothes,gloves_clothes_1210.png,TTR
broken chisel,broken_chisel_774.png,TTR
pak tech can holder,pak_tech_can_holder_1634.png,TTR
rubics cube,rubics_cube_1806.png,TTR
old sweater,Old_sweater_1606.png,TTR
broken nintendo game console,broken_nintendo_game_console_805.png,TTR
tabletbox,tabletbox_1897.png,TTR
air compressor,air_compressor_46.png,TTR
air compressor,air_compressor_52.png,TTR
boom box,boom_box_754.png,TTR
boom box,boom_box_742.png,TTR
air compressor,air_compressor_44.png,TTR
rechargeable battery,rechargeable_battery_1779.png,TTR
portable adapter,portable_adapter_1724.png,TTR
stainless steel measuring cup,stainless_steel_measuring_cup_1870.png,TTR
used bug spray,used_bug_spray_1958.png,TTR
old pen,old_pen_1578.png,TTR
tv remote,tv_remote_1928.png,TTR
air compressor,air_compressor_51.png,TTR
blu ray disc,blu_ray_disc_568.png,TTR
old boots,old_boots_1555.png,TTR
thumb drive,thumb drive.png,TTR
kids play dough,kids_play_dough_1335.png,TTR
used slippers,used_slippers_1976.png,TTR
blu ray disc,blu_ray_disc_583.png,TTR
hat cloth clean,hat_cloth_clean_1238.png,TTR
elctronic adapter,elctronic_adapter_1007.png,TTR
bear spray,bear_spray_458.png,TTR
air compressor,air_compressor_41.png,TTR
belt,belt_539.png,TTR
baby bottle,baby_bottle_142.png,TTR
pak tech can holder,pak_tech_can_holder_1633.png,TTR
old electronics,old_electronics_1562.png,TTR
battery,battery_412.png,TTR
batteries,batteries_371.png,TTR
blu ray player,blu_ray_player_606.png,TTR
batteries,batteries_364.png,TTR
batteries,batteries_0.png,TTR
electronic watch,electronic_watch_1101.png,TTR
flower vase,flower_vase_1151.png,TTR
pencil,pencil_1674.png,TTR
charge cable,charge_cable_889.png,TTR
lithium ion battery,lithium_ion_battery_1406.png,TTR
bluetooth speaker,bluetooth_speaker_634.png,TTR
cd,cd_864.png,TTR
lamp stand,lamp_stand_1341.png,TTR
pam aerosol cooking oil,Pam_aerosol_cooking_oil_1667.png,TTR
fluffy toy,fluffy_toy_1152.png,TTR
pencil,pencil_1676.png,TTR
pencil case,pencil_case_1677.png,TTR
charging cable,charging cable_1.png,TTR
shopping bag,shopping_bag_1842.png,TTR
wornout hairbrush,wornout_hairbrush_2041.png,TTR
marker,marker_1417.png,TTR
rechargeable battery,rechargeable_battery_1781.png,TTR
metal deo bottle,Metal_Deo_Bottle_1432.png,TTR
socks,socks.png,TTR
spray can,Spray_Can_1867.png,TTR
hdmi cable,hdmi_cable_1240.png,TTR
clean glass bottle,clean_glass_bottle_903.png,TTR
scissors,scissors_1819.png,TTR
sandal,sandal_1813.png,TTR
belt,belt_536.png,TTR
dirty shoe,dirty_shoe_993.png,TTR
batteries,batteries_381.png,TTR
worn shoe,worn_shoe_2044.png,TTR
batteries,batteries_395.png,TTR
fluorescent light bulb,fluorescent_light_bulb_1153.png,TTR
battery,battery_409.png,TTR
batteries,batteries_342.png,TTR
batteries,batteries_356.png,TTR
blu ray player,blu_ray_player_609.png,TTR
calculator,calculator_835.png,TTR
charging block,charging_block_890.png,TTR
charger,Charger_884.png,TTR
ballast light,ballast_light_231.png,TTR
old ipad,old_ipad_1569.png,TTR
blu ray disc,blu_ray_disc_589.png,TTR
power bank charger,power_bank_charger_1733.png,TTR
fidget spinner,fidget_spinner_1137.png,TTR
old unusable handsfree,old_unusable_handsfree_1613.png,TTR
blu ray disc,blu_ray_disc_574.png,TTR
video game controller,video game controller_8.png,TTR
rechargeable battery,rechargeable_battery_1764.png,TTR
old headset,old_headset_1568.png,TTR
oil spray can,oil_spray_can_1542.png,TTR
jeans,jeans_1327.png,TTR
belt,belt_521.png,TTR
tube lights with power chord,tube_lights_with_power_chord_1927.png,TTR
coat hanger,coat_hanger_936.png,TTR
batteries,batteries_355.png,TTR
calculator,calculator_836.png,TTR
water bottle,water_bottle_2001.png,TTR
batteries,batteries_383.png,TTR
electronic amplifier,electronic_amplifier_1031.png,TTR
touchable pen,touchable_pen_1922.png,TTR
old laptop charger,old_laptop_charger_1575.png,TTR
clean detergent plastic bottle,clean_detergent_plastic_bottle_913.png,TTR
rechargeable battery,rechargeable_battery_1759.png,TTR
iphone charger,iphone_charger_1320.png,TTR
a glass,a_glass_0.png,TTR
watch,watch_1999.png,TTR
broken ethernet cable,broken_ethernet_cable_784.png,TTR
lithium ion battery,lithium_ion_battery_1397.png,TTR
cloth bag with zipper,cloth_bag_with_zipper_920.png,TTR
blu ray player,blu_ray_player_593.png,TTR
green vape pen,green_vape_pen_1218.png,TTR
power split,power_split_1735.png,TTR
spray paint cannister,spray_paint_cannister_1868.png,TTR
sock,sock_1861.png,TTR
swim trunks,swim_trunks_1892.png,TTR
hair elastic,hair_elastic_1230.png,TTR
batteries,batteries_386.png,TTR
old used belt,Old_used_Belt_1615.png,TTR
belt,belt_519.png,TTR
empty lighter,empty_lighter_1113.png,TTR
rechargeable battery,rechargeable_battery_1760.png,TTR
rechargeable battery,rechargeable_battery_1748.png,TTR
lithium ion battery,lithium_ion_battery_1382.png,TTR
empty latex paint can,empty_latex_paint_can_1112.png,TTR
used cleaning cloth,used_cleaning_cloth_1961.png,TTR
bear spray,bear_spray_452.png,TTR
belt,belt_527.png,TTR
battery,battery_418.png,TTR
full lighter,full_lighter_1165.png,TTR
blu ray player,blu_ray_player_619.png,TTR
black plastic pen,black_plastic_pen_561.png,TTR
battery,battery_425.png,TTR
electronic amplifier,electronic_amplifier_1023.png,TTR
sharp scissors,sharp_scissors_1829.png,TTR
ripped underwear,ripped_underwear_1797.png,TTR
aerosol deodorant,aerosol deodorant_1.png,TTR
scissors,scissors_1821.png,TTR
aerosol hair spray,aerosol_hair_spray_20.png,TTR
rechargeable battery,rechargeable_battery_1777.png,TTR
unused laptop,unused_laptop_1938.png,TTR
metal basket with glass containers in it,metal_basket_with_glass_containers_in_it_1426.png,TTR
metal apple tv remote,metal_apple_tv_remote_1429.png,TTR
non rechargeable battery,non_rechargeable_battery_1476.png,TTR
apple watch,apple_watch_135.png,TTR
beard trimmer,beard_trimmer_494.png,TTR
hair claw,hair_claw_1222.png,TTR
wired headphones,wired_headphones_2023.png,TTR
eye glasses,eye_glasses_1129.png,TTR
old tape measure,old_tape_measure_1609.png,TTR
backpack,backpack_215.png,TTR
kettle,kettle_1328.png,TTR
chordless telephone,chordless_telephone_897.png,TTR
cloth towel clean,cloth_towel_clean_934.png,TTR
bear spray,bear_spray_435.png,TTR
bluetooth speaker,bluetooth_speaker_658.png,TTR
bluetooth speaker,bluetooth_speaker_666.png,TTR
boom box,boom_box_714.png,TTR
claw hair clip,claw_hair_clip_900.png,TTR
old plastic cup,old_plastic_cup_1581.png,TTR
blue hair brush,Blue_Hair_Brush_692.png,TTR
ballast light,ballast_light_250.png,TTR
beard trimmer,beard_trimmer_483.png,TTR
air freshener,air_freshener_70.png,TTR
micro fiber towel,micro_fiber_towel_1453.png,TTR
mobile charging brick,mobile_charging_brick_1455.png,TTR
car motor,car_motor_856.png,TTR
blender,blender_564.png,TTR
alkaline battery,alkaline_battery_76.png,TTR
thermometer,thermometer_1909.png,TTR
belt,belt_543.png,TTR
plastic container for soil,plastic_container_for_soil_1701.png,TTR
apple watch,apple_watch_123.png,TTR
aerosol can,aerosol_can_17.png,TTR
boom box,boom_box_715.png,TTR
backpack,backpack_174.png,TTR
bluetooth speaker,bluetooth_speaker_667.png,TTR
empty bathroom cleaning container,empty_bathroom_cleaning_container_1104.png,TTR
apple watch,apple_watch_133.png,TTR
baseball glove,baseball_glove_309.png,TTR
baseball glove,baseball_glove_321.png,TTR
ballast light,ballast_light_282.png,TTR
ballast light,ballast_light_241.png,TTR
beard trimmer,beard_trimmer_486.png,TTR
airpod,airpod_68.png,TTR
empty pen,empty_pen_1117.png,TTR
car battery,car_battery_852.png,TTR
can wood product,can_wood_product_844.png,TTR
wired headphones,wired_headphones_2024.png,TTR
pak tech can holder,pak_tech_can_holder_1664.png,TTR
laptop charger,laptop_charger_1356.png,TTR
remote controller,remote_controller_1791.png,TTR
pak tech can holder,pak_tech_can_holder_1658.png,TTR
silverware,Silverware_1847.png,TTR
belt,belt_546.png,TTR
air purifier,air_purifier_72.png,TTR
thermostat,thermostat_1912.png,TTR
unusuable playing cards,Unusuable_playing_Cards_1939.png,TTR
shoe cleaner bottle,shoe_cleaner_bottle_1840.png,TTR
green hair comb,Green_Hair_Comb_1214.png,TTR
apple watch,apple_watch_126.png,TTR
women scarf,Women_Scarf_2030.png,TTR
kids water bottle,kids_water_bottle_1336.png,TTR
backpack,backpack_167.png,TTR
old pajama,old_pajama_1577.png,TTR
non rechargeable battery,non_rechargeable_battery_1498.png,TTR
baseball glove,baseball_glove_336.png,TTR
cloth laptop bag,cloth_laptop_bag_931.png,TTR
alkaline battery,alkaline_battery_101.png,TTR
used handgloves,used_handgloves_1964.png,TTR
beard trimmer,beard_trimmer_485.png,TTR
belt,belt_550.png,TTR
baby seat,baby_seat_154.png,TTR
electronic amplifier,electronic_amplifier_1069.png,TTR
makeup brush case,makeup_brush_case_1416.png,TTR
electronic fries maker,electronic_fries_maker_1088.png,TTR
lego car,lego_car_1367.png,TTR
computer mouse,computer_mouse_943.png,TTR
beard trimmer,beard_trimmer_490.png,TTR
thermostat,thermostat_1911.png,TTR
textile,textile_1906.png,TTR
backpack,backpack_166.png,TTR
chip bag,chip_bag_196.png,Black
tide pode detergent,tide_pode_detergent_2213.png,Black
plastic coffee wrapper,plastic_coffee_wrapper_1682.png,Black
used hockey tape,used_hockey_tape_2406.png,Black
plastic cutlery,plastic_cutlery_1374.png,Black
plastic straw,plastic_straw_1650.png,Black
green foil candy wrapper,green_foil_candy_wrapper_768.png,Black
candy packet,Candy_packet_160.png,Black
dirty ziploc plastic bag,dirty ziploc plastic bag.png,Black
dirty foil food wrapper,dirty_foil_food_wrapper_412.png,Black
toothbrush,toothbrush_2244.png,Black
crackers plastic wrapper,crackers_plastic_wrapper_373.png,Black
pop bottle caps,pop_bottle_caps_1863.png,Black
wet wipes,wet wipes.png,Black
coffee cup lid,coffee_cup_lid_315.png,Black
non stretchy plastic bag,non_stretchy_plastic_bag_1181.png,Black
tea packaging,tea_packaging_2210.png,Black
foam plate,foam_plate_657.png,Black
small plastic lid,small_plastic_lid_2047.png,Black
used face cleaning pad,used_face_cleaning_pad__2395.png,Black
shard of broken glass,shard_of_broken_glass_1983.png,Black
hersheys chocolate bar wrapper with a window film,Hersheys_chocolate_bar_wrapper_with_a_window_film_794.png,Black
makeup tube,makeup_tube_1103.png,Black
non stretchy plastic bag,non_stretchy_plastic_bag_1183.png,Black
foam food container,foam food container_14.png,Black
black plastic spoon,black_plastic_spoon_75.png,Black
pop bottle caps,pop_bottle_caps_1861.png,Black
old sock,old_sock_1250.png,Black
plastic fork clean,plastic_fork_clean_1704.png,Black
toothbrush,toothbrush_2246.png,Black
chocolate wrap,chocolate_wrap_264.png,Black
food mesh bag,food_mesh_bag_701.png,Black
plastic fork clean,plastic_fork_clean_1705.png,Black
bottle caps,bottle_caps_120.png,Black
tube body lotion,tube_body_lotion_2340.png,Black
broken ceramic mug,broken_ceramic_mug_131.png,Black
multilayer snack wrapper,multilayer_snack_wrapper_1163.png,Black
laminated plastic fork,laminated_plastic_fork_1067.png,Black
foam plate,foam_plate_668.png,Black
pack of gum,pack_of_gum_1277.png,Black
small plastic lid,small_plastic_lid_2040.png,Black
mesh fruit bag,mesh fruit bag.png,Black
used diaper,used diaper.png,Black
plastic fork dirty,plastic_fork_dirty_1706.png,Black
babybel wax,babybel_wax_30.png,Black
plastic cutlery,plastic_cutlery_1399.png,Black
floss stick package,floss_stick_package_649.png,Black
toothbrush,toothbrush_2243.png,Black
non stretchy plastic wrap,non-stretchy plastic wrap.png,Black
shrimp plastic bag,shrimp_plastic_bag_1992.png,Black
dental floss,dental_floss_396.png,Black
plastic cutlery,plastic_cutlery_1373.png,Black
cellophane wrapper,cellophane_wrapper_178.png,Black
chocolate wrapper,chocolate_wrapper_255.png,Black
platic package,platic_package_1777.png,Black
plastic bag of milk,plastic_bag_of_milk_1332.png,Black
babybel wax,babybel_wax_31.png,Black
disposable plastic spoon,disposable_plastic_spoon_530.png,Black
dirty swiffer duster,dirty_swiffer_duster_482.png,Black
small sauce cup with sauce inside,small_sauce_cup_with_sauce_inside_2062.png,Black
goldfish bag,goldfish_bag_747.png,Black
doritos bag,Doritos_bag_543.png,Black
plastic fork,plastic_fork_1438.png,Black
empty contact lens case,empty_contact_lens_case_578.png,Black
multilayer snack wrapper,multilayer_snack_wrapper_1164.png,Black
potato chip bag,potato_chip_bag_1873.png,Black
dirty styrofoam,dirty_styrofoam_480.png,Black
pen,pen_1296.png,Black
chocolate wrapper,chocolate_wrapper_257.png,Black
toothpaste,toothpaste_435.png,Black
plastic cutlery,plastic_cutlery_1365.png,Black
used razor blade,used_razor_blade_2427.png,Black
coffee grains bag,coffee_grains_bag_320.png,Black
gold flavour packet,gold_flavour_packet_748.png,Black
cotton buds,cotton_buds_366.png,Black
dish washing gloves,dish_washing_gloves_506.png,Black
dirty cleaning wipe,dirty_cleaning_wipe_433.png,Black
chocolate snack wrapper,chocolate_snack_wrapper_238.png,Black
tube body lotion,tube_body_lotion_2346.png,Black
used black sharpie pen,used_black_sharpie_pen_2380.png,Black
plastic fork,plastic_fork_1405.png,Black
foam plate,foam_plate_652.png,Black
plastic fork,plastic_fork_1439.png,Black
lip balm,lip_balm_1088.png,Black
disposable razer,disposable_razer_535.png,Black
plastic spoon,plastic_spoon_1615.png,Black
disposable mask,disposable_mask_520.png,Black
rubber band,Rubber_band_1946.png,Black
used razor,used_razor_2425.png,Black
styrofoam disposable cup,styrofoam_disposable_cup_2173.png,Black
chocolate bar packaging,chocolate_bar_packaging_224.png,Black
plastic spoon,plastic_spoon_1748.png,Black
balloon,balloon_59.png,Black
silica gel bags,silica_gel_bags_1994.png,Black
plastic plates,plastic_plates_1526.png,Black
dish sponge,dish_sponge_504.png,Black
plastic straw,plastic_straw_1752.png,Black
tube body lotion,tube_body_lotion_2320.png,Black
pop bottle caps,pop_bottle_caps_1814.png,Black
used face mask,used_face_mask_2399.png,Black
non stretchy packet,non_stretchy_packet_1221.png,Black
plastic fork,plastic_fork_1477.png,Black
toothpaste tube,toothpaste_tube_2256.png,Black
used qtip,used_qtip_2423.png,Black
plastic spoon,plastic_spoon_1602.png,Black
small plastic seal,small_plastic_seal_2053.png,Black
plastic plates,plastic_plates_1493.png,Black
pop bottle caps,pop_bottle_caps_1816.png,Black
non stretchy candy wrap,non-stretchy candy wrap.png,Black
clean plastic noodles bag,Clean_plastic_noodles_bag_282.png,Black
plastic plates,plastic_plates_1518.png,Black
rubber band,rubber_band_1945.png,Black
kn mask,kn_mask_1062.png,Black
plastic spoon,plastic_spoon_1548.png,Black
silicone tube,silicone_tube_2001.png,Black
small metal lid,small_metal_lid_2025.png,Black
plastic spoon,plastic_spoon_1560.png,Black
playdough,playdough_1778.png,Black
used toothpaste,used_toothpaste_2443.png,Black
empty baby pouch,empty baby pouch.png,Black
used toothbrush,used_toothbrush_2372.png,Black
plastic deodorant lid,plastic deodorant lid.png,Black
tofu container,tofu_container_2231.png,Black
plastic fork,plastic_fork_1702.png,Black
dirty plastic bag,Dirty_Plastic_Bag_417.png,Black
disposable mask,disposable_mask_522.png,Black
gel dispenser,gel dispenser.png,Black
empty candy package,empty_candy_package_564.png,Black
plastic spoon,plastic_spoon_1603.png,Black
plastic fork,plastic_fork_1460.png,Black
toothpaste tube,toothpaste_tube_2253.png,Black
non stretchy snack wrapper,non_stretchy_snack_wrapper_1200.png,Black
small plastic toothpaste tube cap,small_plastic_toothpaste_tube_cap_2058.png,Black
plastic spoon,plastic_spoon_1613.png,Black
plastic fork,plastic_fork_1464.png,Black
non stretchy ziploc bag,non-stretchy ziploc bag.png,Black
plastic fork,plastic_fork_1699.png,Black
plastic coffee packet,plastic_coffee_packet_1679.png,Black
plastic wrap for chips,plastic_wrap_for_chips_1773.png,Black
sticker,sticker_2147.png,Black
pop bottle caps,pop_bottle_caps_1807.png,Black
tube body lotion,tube_body_lotion_2327.png,Black
plastic spoon,plastic spoon_30.png,Black
tea bag packet,tea_bag_packet_2198.png,Black
plastic spoon,plastic_spoon_1565.png,Black
non stretchy plastic,non-stretchy plastic_2.png,Black
used syringe,used_syringe_2438.png,Black
small salt bag,Small_salt_bag_2061.png,Black
rubber and plastic cheese wrap,rubber and plastic cheese wrap.png,Black
used sponge,used_sponge_2433.png,Black
fabric face mask,fabric_face_mask_622.png,Black
wafer cookie multilayer wrapper,wafer_cookie_multilayer_wrapper_2454.png,Black
dirty granola bar packet,dirty_granola_bar_packet_446.png,Black
lactaid wrapper,lactaid_wrapper_1066.png,Black
baby safety lock ziploc bag,baby_safety_lock_ziploc_bag_23.png,Black
plastic plates,plastic_plates_1508.png,Black
biscuit wrapper,biscuit_wrapper_71.png,Black
a bag of chips,a_bag_of_chips_22.png,Black
plastic plates,plastic_plates_1520.png,Black
bag of chips,bag_of_chips_58.png,Black
razor,razor_1912.png,Black
tube body lotion,tube_body_lotion_2326.png,Black
plastic spoon,plastic_spoon_1612.png,Black
multi layer udon packaging,multi_layer_udon_packaging_1142.png,Black
used covid kit,used_covid_kit_2390.png,Black
protein bar wrapper,protein_bar_wrapper_1889.png,Black
toothpaste tube,toothpaste_tube_2250.png,Black
plastic spoon,plastic_spoon_1610.png,Black
dirty foil wrapper,dirty_foil_wrapper_414.png,Black
toothpaste tube,Toothpaste_tube_2293.png,Black
razor blade,razor_blade_1918.png,Black
dishwasher detergent bag,dishwasher_detergent_bag_497.png,Black
empty cookie bag,empty_cookie_bag_579.png,Black
plastic bag,plastic bag_42342.png,Black
non stretchy wrap,non-stretchy wrap_12.png,Black
plastic spoon,plastic_spoon_1599.png,Black
plastic jar cap,plastic_jar_cap_1712.png,Black
empty bread bag,Empty_Bread_Bag_562.png,Black
candy wrapper,candy_wrapper_162.png,Black
snack wrapper,snack_wrapper_2099.png,Black
used sponge,used_sponge_2430.png,Black
cofee cup lid,cofee_cup_lid_311.png,Black
non stretchy food bag,non_stretchy_food_bag_1202.png,Black
pop bottle caps,pop_bottle_caps_1839.png,Black
coffee plastic lid,coffee plastic lid_24.png,Black
toothpaste tube,toothpaste_tube_2286.png,Black
japanese snack multilayer wrapper,Japanese_snack_multilayer_wrapper_1048.png,Black
trash bag,trash_bag_2302.png,Black
dog treat bag,dog_treat_bag_539.png,Black
disposable floss handle,disposable_floss_handle_532.png,Black
dirty aquarium filter,dirty aquarium filter.png,Black
covid disposable mask,Covid_disposable_mask_369.png,Black
tape,tape_2192.png,Black
plastic spoon,plastic_spoon_1581.png,Black
plastic spoon,plastic_spoon_1595.png,Black
plastic plates,plastic_plates_1512.png,Black
empty greasy plastic,empty_greasy_plastic_589.png,Black
tea bag wrapper,tea_bag_wrapper_2209.png,Black
non stretchy fruit plastic packet,non_stretchy_fruit_plastic_packet_1211.png,Black
toothpaste tubes,toothpaste_tubes_2285.png,Black
small popcorn spice packet,small_popcorn_spice_packet_2059.png,Black
old socks,old_socks_1248.png,Black
plastic spoon,plastic_spoon_1580.png,Black
used ribbon,used_ribbon_2364.png,Black
beer yeast packet,beer_yeast_packet_66.png,Black
small strip of paper tie,small_strip_of_paper_tie_2072.png,Black
piece of broken glass,piece_of_broken_glass_1316.png,Black
bicycle pedals,bicycle_pedals_69.png,Black
plastic spoon,plastic_spoon_1621.png,Black
white blue toothpaste,white_blue_toothpaste_2468.png,Black
cornflakes plastic bag,cornflakes_plastic_bag_356.png,Black
plastic fork,plastic_fork_1442.png,Black
plastic fork,plastic_fork_1456.png,Black
blister packaging,blister_packaging_86.png,Black
silicone coaster,silicone_coaster_2000.png,Black
tube body lotion,tube_body_lotion_2303.png,Black
lysol wipe,lysol_wipe_1101.png,Black
granola bar wrapper,granola_bar_wrapper_750.png,Black
disposable gloves,disposable_gloves_513.png,Black
plastic spoon,plastic_spoon_1555.png,Black
plastic floss packaging,plastic_floss_packaging_1402.png,Black
snack wrapper,snack_wrapper_2083.png,Black
nespresso sleeve package,nespresso_sleeve_package_1179.png,Black
blue face mask,blue_face_mask_115.png,Black
balloon,balloon.png,Black
disposable gloves,disposable_gloves_512.png,Black
disposable spoon,disposable_spoon_531.png,Black
frozen food wrapping,frozen_food_wrapping_723.png,Black
pop bottle caps,pop_bottle_caps_1836.png,Black
pop bottle caps,pop_bottle_caps_1822.png,Black
heating pad,heating pad.png,Black
glue tube,glue_tube_746.png,Black
candle,candle_155.png,Black
single use coffee powder packet,single_use_coffee_powder_packet_2005.png,Black
plastic spoon,plastic_spoon_1622.png,Black
plastic fork,plastic_fork_1455.png,Black
used blue whiteboard marker,used_blue_whiteboard_marker_2382.png,Black
food sauce pouch,food_sauce_pouch_705.png,Black
piece of ripped non stretchy plastic,piece_of_ripped_non_stretchy_plastic_1324.png,Black
plastic food wrapping,plastic_food_wrapping_1694.png,Black
plastic spoon,plastic_spoon_1632.png,Black
plastic fork,plastic_fork_1445.png,Black
tea bag paper wrapper,tea_bag_paper_wrapper_2208.png,Black
fruit plastic package,fruit_plastic_package__733.png,Black
pop bottle caps,pop_bottle_caps_1826.png,Black
tube body lotion,tube_body_lotion_2306.png,Black
used medical ointment tube,used_medical_ointment_tube_2413.png,Black
small snack bag,small_snack_bag_2066.png,Black
unusable pen,Unusable_Pen_2356.png,Black
plastic spoon,plastic_spoon_1578.png,Black
non stretchy plastic container,non-stretchy plastic container.png,Black
salad package,salad_package_1964.png,Black
pain relief cream tube,pain_relief_cream_tube_1278.png,Black
snack wrapper,snack_wrapper_2086.png,Black
sponge,sponge_2134.png,Black
bread tags,bread_tags_124.png,Black
led lightbulb,led_lightbulb_1071.png,Black
plastic spoon,plastic_spoon_1551.png,Black
dirty plastic packet,dirty_plastic_packet_464.png,Black
led light bulb,led_light_bulb_1070.png,Black
cheese wrappers,cheese_wrappers_190.png,Black
baby wipes packaging,baby_wipes_packaging_24.png,Black
toothpaste,toothpaste.png,Black
plastic fork,plastic_fork_1444.png,Black
toothpaste tube,toothpaste_tube_2267.png,Black
non stretchy bag,non-stretchy bag_39.png,Black
disposable covid mask,disposable_Covid_Mask_510.png,Black
fruit plastic package,fruit_plastic_package__730.png,Black
chocolate bar wrapper,chocolate_bar_wrapper_233.png,Black
salad kit bag,salad_kit_bag_1953.png,Black
empty cracker wrapper,empty_cracker_wrapper_582.png,Black
tube body lotion,tube_body_lotion_2339.png,Black
pop bottle caps,pop_bottle_caps_1819.png,Black
plumber tape core,plumber_tape_core_1779.png,Black
food plastic bag,food_plastic_bag_703.png,Black
plastic spoon,plastic_spoon_1553.png,Black
sponge,sponge_2136.png,Black
multilayer snack bag,multilayer_snack_bag_1155.png,Black
used toothbrush,used_toothbrush_2369.png,Black
biscuit multilayer wrapper,biscuit_multilayer_wrapper_70.png,Black
disposable gloves,disposable_gloves_514.png,Black
pop bottle caps,pop_bottle_caps_1788.png,Black
plastic plates,plastic_plates_1502.png,Black
empty cracker wrapper,empty_cracker_wrapper_583.png,Black
pop bottle caps,pop_bottle_caps_1830.png,Black
clean coleslaw plastic bag,clean_coleslaw_plastic_bag_274.png,Black
plastic can connector,plastic_can_connector_1669.png,Black
used kleenex tissue,used_kleenex_tissue_2407.png,Black
plastic spoon,plastic_spoon_1624.png,Black
non stretchy plastic food wrapping,non_stretchy_plastic_food_wrapping_1190.png,Black
non stretchy plastic,non-stretchy plastic_43.png,Black
small plastic lid,small plastic lid.png,Black
foam plate,foam_plate_688.png,Black
foam plate,foam_plate_677.png,Black
coffee pod,coffee_pod_323.png,Black
plastic flosser,plastic_flosser_1688.png,Black
pop bottle caps,pop_bottle_caps_1843.png,Black
nivea cream lotion container,nivea_cream_lotion_container_1180.png,Black
plastic cutlery,plastic_cutlery_1355.png,Black
dirty plastic,dirty_plastic_458.png,Black
non stretchy transparent plastic bag,non_stretchy_transparent_plastic_bag_1201.png,Black
non stretchy ziploc plastic bag,non-stretchy ziploc plastic bag.png,Black
metal lid,metal_lid_1125.png,Black
metal lid,metal_lid_1124.png,Black
back of multilayer salad sauce sachet,back_of_multilayer_salad_sauce_sachet_50.png,Black
used toothbrush,used_toothbrush_2441.png,Black
wet wipes full,wet_wipes_full_2464.png,Black
dirty seasoning bag,dirty_seasoning_bag_475.png,Black
sunscreen lotion tube,sunscreen_lotion_tube_2179.png,Black
raw chicken container,raw_chicken_container_1904.png,Black
cork cage,cork_cage_355.png,Black
toothpaste,toothpaste_3.png,Black
photo,photo____1311.png,Black
toblerone snack wrapper,Toblerone_snack_wrapper_2230.png,Black
tube body lotion,tube_body_lotion_2348.png,Black
pen,pen_1306.png,Black
q tip,Q_Tip_1899.png,Black
used razor blade,used_razor_blade_2428.png,Black
non stretchy small piece of packaging plastic,non_stretchy_small_piece_of_packaging_plastic_1197.png,Black
small plastic cup sauce,small_plastic_cup_sauce_2036.png,Black
foam meat container,foam meat container_111.png,Black
metal ring,metal_ring_1129.png,Black
air freshener refill,air_freshener_refill_3.png,Black
dirty meat container,dirty_meat_container_452.png,Black
plastic bag,plastic bag.png,Black
chocolate snack wrapper,chocolate_snack_wrapper_237.png,Black
plastic cutlery,plastic_cutlery_1380.png,Black
tube body lotion,tube_body_lotion_2349.png,Black
bloody plastic bag,bloody plastic bag.png,Black
nailpolishbottle,nailpolishbottle_1171.png,Black
foam,foam_690.png,Black
floss container,floss_container_646.png,Black
red plastic spoon,red_plastic_spoon_1923.png,Black
apple pouch,apple pouch.png,Black
dirty facemask,Dirty_Facemask_439.png,Black
non stretchy plastic deli meat package,non_stretchy_plastic_deli_meat_package_1187.png,Black
face mask,face_mask_631.png,Black
frozen vegetable bag,frozen_vegetable_bag_724.png,Black
food packaging,food_packaging_708.png,Black
non stretchy plastic bag,non_stretchy_plastic_bag_1206.png,Black
croissante plastic bag,croissante_plastic_bag_383.png,Black
used tea bag wrapper,used_tea_bag_wrapper_2439.png,Black
old sweater,old_sweater_1253.png,Black
lightbulb,lightbulb__1075.png,Black
dirty foil food wrapping,dirty_foil_food_wrapping_413.png,Black
multilayer food bag,multilayer_food_bag_1149.png,Black
chocolate wrapper,chocolate_wrapper_260.png,Black
used face cleaning pad,used_face_cleaning_pad_2396.png,Black
razorblade,razorblade_1911.png,Black
mask,mask_1106.png,Black
small plastic lid of a bottle,small_plastic_lid_of_a_bottle_2038.png,Black
foam plate,foam_plate_664.png,Black
foam plate,foam_plate_670.png,Black
ribbon,ribbon_1930.png,Black
tissue box,tissue_box_2224.png,Black
empty candy container,empty_candy_container_563.png,Black
coffee cup lid upside down,coffee_cup_lid_upside_down_313.png,Black
lightbulb,lightbulb_1077.png,Black
seasoning cube wrapper,seasoning_cube_wrapper_1977.png,Black
metal bottle lid,metal bottle lid.png,Black
plastic bottle,plastic bottle _40.png,Black
non stretchy plastic,non-stretchy plastic_44434.png,Black
plastic chocolate wrapper,plastic_chocolate_wrapper_1675.png,Black
small plastic bottle lid,small plastic bottle lid_7.png,Black
old textile shoe,old_textile_shoe_1254.png,Black
non stretchy plastic bag,non-stretchy plastic bag _9.png,Black
non stretchy choclate wrappers,non_stretchy_choclate_wrappers_1220.png,Black
stand up pouch of croquettes,stand_up_pouch_of_croquettes_2138.png,Black
chocolate bar wrapper,chocolate_bar_wrapper_245.png,Black
plastic fork,plastic_fork_1430.png,Black
old used toothbrush,Old_Used_Toothbrush_1261.png,Black
lipstick,lipstick_1090.png,Black
